Dataset 1,Dataset 2,Category 1,Category 2,Valid windows,First window end,Last window end,Latest window end,Latest correlation,Latest paired observations,Minimum correlation,Maximum correlation,Observed range
Industrial Production,Manufacturing Production,Growth / Activity,Growth / Activity,596,1977-01-01,2026-08-01,2026-08-01,0.8628140061861606,59,0.6499034382240821,0.9854853705393053,0.33558193231522315
Industrial Production,Real Personal Consumption Expenditure,Growth / Activity,Growth / Activity,176,2012-01-01,2026-08-01,2026-08-01,0.3897703711097678,59,0.08716046458666649,0.9234239898684807,0.8362635252818142
Industrial Production,Real Personal Income excluding transfers,Growth / Activity,Growth / Activity,752,1964-01-01,2026-08-01,2026-08-01,0.01904272928446589,59,-0.0013716016931111525,0.933568386037338,0.9349399877304492
Industrial Production,Real Personal Income,Growth / Activity,Growth / Activity,752,1964-01-01,2026-08-01,2026-08-01,0.08101767900789403,59,-0.8636733579609367,0.6402379571857423,1.503911315146679
Industrial Production,Real Retail & Food Services Sales,Growth / Activity,Growth / Activity,356,1997-01-01,2026-08-01,2026-08-01,0.2617501280427805,57,-0.13159012769324252,0.8920018506308652,1.0235919783241076
Industrial Production,Housing Starts,Growth / Activity,Growth / Activity,752,1964-01-01,2026-08-01,2026-08-01,0.347452252628282,59,-0.31791678466597295,0.6836784947481961,1.0015952794141691
Industrial Production,Building Permits,Growth / Activity,Growth / Activity,740,1965-01-01,2026-08-01,2026-08-01,0.24544501279907244,59,-0.26900772489327623,0.6621313060264935,0.9311390309197698
Industrial Production,Nonfarm Payroll Employment,Growth / Activity,Labor,992,1944-01-01,2026-08-01,2026-08-01,0.1613592859635217,59,-0.1977911851579943,0.941992379635186,1.1397835647931802
Industrial Production,Unemployment Rate,Growth / Activity,Labor,884,1953-01-01,2026-08-01,2026-08-01,-0.008665157143578472,57,-0.9426359681612577,0.05170258538390553,0.9943385535451632
Industrial Production,Average Weekly Hours — Total Private,Growth / Activity,Labor,186,2011-03-01,2026-08-01,2026-08-01,0.3952004119894602,59,-0.013678617288452759,0.6187533205218921,0.6324319378103449
Industrial Production,Average Weekly Hours — Manufacturing,Growth / Activity,Labor,992,1944-01-01,2026-08-01,2026-08-01,0.3802400552051925,59,0.11489086446144374,0.9252616905860962,0.8103708261246525
Industrial Production,Job Openings,Growth / Activity,Labor,249,2005-12-01,2026-08-01,2026-08-01,0.07171541895431548,59,-0.2939404586104828,0.6586979270555964,0.9526383856660792
Industrial Production,Labor Force Participation Rate,Growth / Activity,Labor,884,1953-01-01,2026-08-01,2026-08-01,0.04016891427000155,57,-0.27693813112762894,0.8706236953975817,1.1475618265252105
Industrial Production,Average Hourly Earnings — Total Private,Growth / Activity,Labor,186,2011-03-01,2026-08-01,2026-08-01,-0.299822325941732,59,-0.9106750847411006,0.17534436264457312,1.0860194473856737
Industrial Production,CPI All Items,Growth / Activity,Inflation,896,1952-01-01,2026-08-01,2026-08-01,0.15785784729952665,57,-0.3930540446527844,0.6583498933587139,1.0514039380114983
Industrial Production,Core CPI,Growth / Activity,Inflation,776,1962-01-01,2026-08-01,2026-08-01,0.0691409442477783,57,-0.37634832615154196,0.7707726540784066,1.1471209802299485
Industrial Production,PCE Price Index,Growth / Activity,Inflation,752,1964-01-01,2026-08-01,2026-08-01,0.12169534441841731,59,-0.40254294229565535,0.6086842614666,1.0112272037622554
Industrial Production,Core PCE Price Index,Growth / Activity,Inflation,752,1964-01-01,2026-08-01,2026-08-01,0.023994950153256284,59,-0.4636512330899759,0.6871237522404159,1.1507749853303917
Industrial Production,Producer Prices — Final Demand,Growth / Activity,Inflation,142,2014-11-01,2026-08-01,2026-08-01,0.2632016673811941,59,-0.016117432174435883,0.5241670651949495,0.5402844973693853
Industrial Production,Producer Prices — All Commodities,Growth / Activity,Inflation,1232,1924-01-01,2026-08-01,2026-08-01,0.23409185345554995,59,-0.2637459957513186,0.7002852028199936,0.9640311985713121
Industrial Production,Commercial & Industrial Loans,Growth / Activity,Credit,896,1952-01-01,2026-08-01,2026-08-01,0.07191015031202665,59,-0.8968641085145709,0.4919618350737014,1.3888259435882722
Industrial Production,Consumer Credit,Growth / Activity,Credit,944,1948-01-01,2026-08-01,2026-08-01,-0.17531294598611621,59,-0.3133000758470529,0.5899473270182036,0.9032474028652565
Industrial Production,Federal Funds Rate,Growth / Activity,Policy / Liquidity,806,1959-07-01,2026-08-01,2026-08-01,-0.06523064883112582,59,-0.21819367883546878,0.6438823881175924,0.8620760669530612
Industrial Production,Total Bank Reserves,Growth / Activity,Policy / Liquidity,752,1964-01-01,2026-08-01,2026-08-01,0.09059158139161588,59,-0.8583927221179926,0.31252253405123676,1.1709152561692293
Industrial Production,M2 Money Supply,Growth / Activity,Policy / Liquidity,752,1964-01-01,2026-08-01,2026-08-01,0.145983398948038,59,-0.9339661513599231,0.35913696701709136,1.2931031183770145
Industrial Production,Total Capacity Utilization,Growth / Activity,External / Structural,656,1972-01-01,2026-08-01,2026-08-01,0.9954246428892749,59,0.9356661483469509,0.9992325473052516,0.06356639895830063
Manufacturing Production,Real Personal Consumption Expenditure,Growth / Activity,Growth / Activity,176,2012-01-01,2026-08-01,2026-08-01,0.5110316689269657,59,-0.21678269397399422,0.9255449182888749,1.1423276122628692
Manufacturing Production,Real Personal Income excluding transfers,Growth / Activity,Growth / Activity,596,1977-01-01,2026-08-01,2026-08-01,0.13314184742052323,59,-0.05757054513754671,0.9497996543249667,1.0073701994625135
Manufacturing Production,Real Personal Income,Growth / Activity,Growth / Activity,596,1977-01-01,2026-08-01,2026-08-01,0.13457302578420247,59,-0.8869455813777588,0.5729747076557538,1.4599202890335126
Manufacturing Production,Real Retail & Food Services Sales,Growth / Activity,Growth / Activity,356,1997-01-01,2026-08-01,2026-08-01,0.47008763222187283,57,-0.07430333836190997,0.8997815790722785,0.9740849174341885
Manufacturing Production,Housing Starts,Growth / Activity,Growth / Activity,596,1977-01-01,2026-08-01,2026-08-01,0.326901942885821,59,-0.15860520575284728,0.6793886859046269,0.8379938916574742
Manufacturing Production,Building Permits,Growth / Activity,Growth / Activity,596,1977-01-01,2026-08-01,2026-08-01,0.2329290309039529,59,-0.2413878022853862,0.6864708252804168,0.927858627565803
Manufacturing Production,Nonfarm Payroll Employment,Growth / Activity,Labor,596,1977-01-01,2026-08-01,2026-08-01,0.20022602573751427,59,-0.12564817945216725,0.9550877487782066,1.080735928230374
Manufacturing Production,Unemployment Rate,Growth / Activity,Labor,596,1977-01-01,2026-08-01,2026-08-01,0.06654907909631684,57,-0.9518919137987765,0.2749072376634105,1.226799151462187
Manufacturing Production,Average Weekly Hours — Total Private,Growth / Activity,Labor,186,2011-03-01,2026-08-01,2026-08-01,0.5655504373908912,59,-0.014344368717888047,0.7149826018163132,0.7293269705342013
Manufacturing Production,Average Weekly Hours — Manufacturing,Growth / Activity,Labor,596,1977-01-01,2026-08-01,2026-08-01,0.5602523063028902,59,0.2326578045459429,0.9521287342154381,0.7194709296694952
Manufacturing Production,Job Openings,Growth / Activity,Labor,249,2005-12-01,2026-08-01,2026-08-01,0.08951268861100575,59,-0.04048315252689674,0.7179744693338708,0.7584576218607675
Manufacturing Production,Labor Force Participation Rate,Growth / Activity,Labor,596,1977-01-01,2026-08-01,2026-08-01,-0.036781725012399104,57,-0.22462424546058116,0.9110847166477775,1.1357089621083587
Manufacturing Production,Average Hourly Earnings — Total Private,Growth / Activity,Labor,186,2011-03-01,2026-08-01,2026-08-01,-0.2703461518749385,59,-0.9326767570061822,0.20097933424064782,1.13365609124683
Manufacturing Production,CPI All Items,Growth / Activity,Inflation,596,1977-01-01,2026-08-01,2026-08-01,0.14618258658539385,57,-0.33006672416319904,0.637347401872756,0.967414126035955
Manufacturing Production,Core CPI,Growth / Activity,Inflation,596,1977-01-01,2026-08-01,2026-08-01,0.03456090110359438,57,-0.4035586104188123,0.8014273435228868,1.2049859539416992
Manufacturing Production,PCE Price Index,Growth / Activity,Inflation,596,1977-01-01,2026-08-01,2026-08-01,0.12296622395649263,59,-0.35899636328431966,0.6064623853988892,0.9654587486832089
Manufacturing Production,Core PCE Price Index,Growth / Activity,Inflation,596,1977-01-01,2026-08-01,2026-08-01,0.010303120709365524,59,-0.4267781895094575,0.7115544416917852,1.1383326312012427
Manufacturing Production,Producer Prices — Final Demand,Growth / Activity,Inflation,142,2014-11-01,2026-08-01,2026-08-01,0.22415194685386716,59,0.05933825016066021,0.5228374691791917,0.4634992190185315
Manufacturing Production,Producer Prices — All Commodities,Growth / Activity,Inflation,596,1977-01-01,2026-08-01,2026-08-01,0.21196098054940746,59,-0.24802597465536755,0.723904316473335,0.9719302911287026
Manufacturing Production,Commercial & Industrial Loans,Growth / Activity,Credit,596,1977-01-01,2026-08-01,2026-08-01,0.07914517196464284,59,-0.9002029453986187,0.4628707793652011,1.3630737247638198
Manufacturing Production,Consumer Credit,Growth / Activity,Credit,596,1977-01-01,2026-08-01,2026-08-01,-0.08128504602961052,59,-0.32737091832670645,0.5541102846704778,0.8814812029971844
Manufacturing Production,Federal Funds Rate,Growth / Activity,Policy / Liquidity,596,1977-01-01,2026-08-01,2026-08-01,-0.06847364428978744,59,-0.18683255054439263,0.6241835016311712,0.8110160521755638
Manufacturing Production,Total Bank Reserves,Growth / Activity,Policy / Liquidity,596,1977-01-01,2026-08-01,2026-08-01,0.1136666900037454,59,-0.8520532188699143,0.30503115223264443,1.1570843711025587
Manufacturing Production,M2 Money Supply,Growth / Activity,Policy / Liquidity,596,1977-01-01,2026-08-01,2026-08-01,0.21582897637925308,59,-0.9349833683883307,0.4416408186143327,1.3766241870026634
Manufacturing Production,Total Capacity Utilization,Growth / Activity,External / Structural,596,1977-01-01,2026-08-01,2026-08-01,0.8579325008863942,59,0.6554516659993708,0.9833935397577924,0.32794187375842165
Real Personal Consumption Expenditure,Real Personal Income excluding transfers,Growth / Activity,Growth / Activity,176,2012-01-01,2026-08-01,2026-08-01,0.31805933976505785,59,-0.2093844787488796,0.9216543441667157,1.1310388229155952
Real Personal Consumption Expenditure,Real Personal Income,Growth / Activity,Growth / Activity,176,2012-01-01,2026-08-01,2026-08-01,0.16300186723947488,59,-0.7904090902388028,0.6854179193664235,1.4758270096052262
Real Personal Consumption Expenditure,Real Retail & Food Services Sales,Growth / Activity,Growth / Activity,176,2012-01-01,2026-08-01,2026-08-01,0.8098525379246507,57,0.5081078420554193,0.9824600929607507,0.4743522509053314
Real Personal Consumption Expenditure,Housing Starts,Growth / Activity,Growth / Activity,176,2012-01-01,2026-08-01,2026-08-01,0.21568065452519236,59,-0.047532353295961734,0.666632193925301,0.7141645472212628
Real Personal Consumption Expenditure,Building Permits,Growth / Activity,Growth / Activity,176,2012-01-01,2026-08-01,2026-08-01,-0.029087875774962812,59,-0.07161624330349103,0.6776466549628464,0.7492628982663374
Real Personal Consumption Expenditure,Nonfarm Payroll Employment,Growth / Activity,Labor,176,2012-01-01,2026-08-01,2026-08-01,0.08556419301099683,59,-0.003585802324814849,0.8806854238753924,0.8842712262002073
Real Personal Consumption Expenditure,Unemployment Rate,Growth / Activity,Labor,176,2012-01-01,2026-08-01,2026-08-01,0.052712701978487354,57,-0.8809056595309694,0.12112498475730442,1.0020306442882738
Real Personal Consumption Expenditure,Average Weekly Hours — Total Private,Growth / Activity,Labor,176,2012-01-01,2026-08-01,2026-08-01,0.2417634727193218,59,-0.1052703685064405,0.5113206926628604,0.6165910611693008
Real Personal Consumption Expenditure,Average Weekly Hours — Manufacturing,Growth / Activity,Labor,176,2012-01-01,2026-08-01,2026-08-01,0.31155594230721206,59,-0.39062315355760346,0.8616911782521098,1.2523143318097132
Real Personal Consumption Expenditure,Job Openings,Growth / Activity,Labor,176,2012-01-01,2026-08-01,2026-08-01,-0.30871150482990284,59,-0.3235843620770722,0.8117064865907853,1.1352908486678575
Real Personal Consumption Expenditure,Labor Force Participation Rate,Growth / Activity,Labor,176,2012-01-01,2026-08-01,2026-08-01,0.05783421018955895,57,-0.08765701954598161,0.8822971649983048,0.9699541845442864
Real Personal Consumption Expenditure,Average Hourly Earnings — Total Private,Growth / Activity,Labor,176,2012-01-01,2026-08-01,2026-08-01,-0.09082171675117043,59,-0.9139545094083146,0.07358440044684429,0.9875389098551589
Real Personal Consumption Expenditure,CPI All Items,Growth / Activity,Inflation,176,2012-01-01,2026-08-01,2026-08-01,-0.036244795138244766,57,-0.25376152865782925,0.6664117954493456,0.9201733241071748
Real Personal Consumption Expenditure,Core CPI,Growth / Activity,Inflation,176,2012-01-01,2026-08-01,2026-08-01,-0.18363507998899062,57,-0.33589937623368393,0.8046417778905222,1.140541154124206
Real Personal Consumption Expenditure,PCE Price Index,Growth / Activity,Inflation,176,2012-01-01,2026-08-01,2026-08-01,-0.0967066589531666,59,-0.26470452926948124,0.5927778685307206,0.8574823978002017
Real Personal Consumption Expenditure,Core PCE Price Index,Growth / Activity,Inflation,176,2012-01-01,2026-08-01,2026-08-01,-0.20793696497544914,59,-0.30318067543700034,0.6695896827575419,0.9727703581945423
Real Personal Consumption Expenditure,Producer Prices — Final Demand,Growth / Activity,Inflation,142,2014-11-01,2026-08-01,2026-08-01,-0.01116474917799746,59,-0.09833156847828077,0.49391956758317596,0.5922511360614567
Real Personal Consumption Expenditure,Producer Prices — All Commodities,Growth / Activity,Inflation,176,2012-01-01,2026-08-01,2026-08-01,0.03151517375697499,59,-0.23186848985934008,0.7210646752509172,0.9529331651102573
Real Personal Consumption Expenditure,Commercial & Industrial Loans,Growth / Activity,Credit,176,2012-01-01,2026-08-01,2026-08-01,0.10338501616194876,59,-0.966112753850682,0.15908461885742042,1.1251973727081024
Real Personal Consumption Expenditure,Consumer Credit,Growth / Activity,Credit,176,2012-01-01,2026-08-01,2026-08-01,-0.10381525515726898,59,-0.12122181017526429,0.4389115268798589,0.5601333370551231
Real Personal Consumption Expenditure,Federal Funds Rate,Growth / Activity,Policy / Liquidity,176,2012-01-01,2026-08-01,2026-08-01,-0.07428875245033006,59,-0.11869811976258152,0.772677748602596,0.8913758683651775
Real Personal Consumption Expenditure,Total Bank Reserves,Growth / Activity,Policy / Liquidity,176,2012-01-01,2026-08-01,2026-08-01,0.011243005256048915,59,-0.8816741312961149,0.4198717115288598,1.3015458428249747
Real Personal Consumption Expenditure,M2 Money Supply,Growth / Activity,Policy / Liquidity,176,2012-01-01,2026-08-01,2026-08-01,0.07706438068116167,59,-0.96311000434463,0.6866421123265557,1.6497521166711857
Real Personal Consumption Expenditure,Total Capacity Utilization,Growth / Activity,External / Structural,176,2012-01-01,2026-08-01,2026-08-01,0.38636818547196466,59,0.0813276942010322,0.9203688895370635,0.8390411953360313
Real Personal Income excluding transfers,Real Personal Income,Growth / Activity,Growth / Activity,752,1964-01-01,2026-08-01,2026-08-01,0.7676023448942378,59,-0.8094609236896604,0.9982338757179802,1.8076947994076407
Real Personal Income excluding transfers,Real Retail & Food Services Sales,Growth / Activity,Growth / Activity,356,1997-01-01,2026-08-01,2026-08-01,0.06751705032882607,57,-0.29141332885449184,0.8838904311543788,1.1753037600088707
Real Personal Income excluding transfers,Housing Starts,Growth / Activity,Growth / Activity,752,1964-01-01,2026-08-01,2026-08-01,-0.01701947043981112,59,-0.275825364568269,0.5307999288700891,0.8066252934383581
Real Personal Income excluding transfers,Building Permits,Growth / Activity,Growth / Activity,740,1965-01-01,2026-08-01,2026-08-01,-0.09234716473789341,59,-0.2022606705720103,0.6038311420368512,0.8060918126088614
Real Personal Income excluding transfers,Nonfarm Payroll Employment,Growth / Activity,Labor,752,1964-01-01,2026-08-01,2026-08-01,0.11847213486773871,59,0.028622828631469227,0.9167412302952996,0.8881184016638304
Real Personal Income excluding transfers,Unemployment Rate,Growth / Activity,Labor,752,1964-01-01,2026-08-01,2026-08-01,0.0030304092937966706,57,-0.918125335323619,0.10526585762105573,1.0233911929446746
Real Personal Income excluding transfers,Average Weekly Hours — Total Private,Growth / Activity,Labor,186,2011-03-01,2026-08-01,2026-08-01,0.15757793502606474,59,0.019696660578083072,0.4270254764147097,0.40732881583662667
Real Personal Income excluding transfers,Average Weekly Hours — Manufacturing,Growth / Activity,Labor,752,1964-01-01,2026-08-01,2026-08-01,0.09479611334299849,59,-0.15752970774958527,0.8908769869575073,1.0484066947070925
Real Personal Income excluding transfers,Job Openings,Growth / Activity,Labor,249,2005-12-01,2026-08-01,2026-08-01,-0.09469217031027106,59,-0.09469217031027106,0.7511216699300779,0.845813840240349
Real Personal Income excluding transfers,Labor Force Participation Rate,Growth / Activity,Labor,752,1964-01-01,2026-08-01,2026-08-01,0.05225873148761872,57,-0.13940486857397913,0.9003546225275091,1.0397594911014882
Real Personal Income excluding transfers,Average Hourly Earnings — Total Private,Growth / Activity,Labor,186,2011-03-01,2026-08-01,2026-08-01,0.0017671083122586073,59,-0.9152271861166068,0.26835981554123495,1.1835870016578418
Real Personal Income excluding transfers,CPI All Items,Growth / Activity,Inflation,752,1964-01-01,2026-08-01,2026-08-01,-0.44899916901146125,57,-0.6235594749805413,0.5809378177794079,1.204497292759949
Real Personal Income excluding transfers,Core CPI,Growth / Activity,Inflation,752,1964-01-01,2026-08-01,2026-08-01,-0.14072805581388306,57,-0.6120609479976684,0.7824256359982658,1.3944865839959342
Real Personal Income excluding transfers,PCE Price Index,Growth / Activity,Inflation,752,1964-01-01,2026-08-01,2026-08-01,-0.5462730188347679,59,-0.6686889501251755,0.5355712488904754,1.2042601990156507
Real Personal Income excluding transfers,Core PCE Price Index,Growth / Activity,Inflation,752,1964-01-01,2026-08-01,2026-08-01,-0.358146351853531,59,-0.6994395212081423,0.6357414996290784,1.3351810208372208
Real Personal Income excluding transfers,Producer Prices — Final Demand,Growth / Activity,Inflation,142,2014-11-01,2026-08-01,2026-08-01,-0.5305867847932458,59,-0.5319510878124273,0.49329373145391525,1.0252448192663426
Real Personal Income excluding transfers,Producer Prices — All Commodities,Growth / Activity,Inflation,752,1964-01-01,2026-08-01,2026-08-01,-0.5221559467659342,59,-0.5228128187757265,0.6752846820235785,1.1980975007993049
Real Personal Income excluding transfers,Commercial & Industrial Loans,Growth / Activity,Credit,752,1964-01-01,2026-08-01,2026-08-01,-0.2985223878669946,59,-0.9122252165828135,0.5661877891233915,1.478413005706205
Real Personal Income excluding transfers,Consumer Credit,Growth / Activity,Credit,752,1964-01-01,2026-08-01,2026-08-01,0.007354000671934189,59,-0.3244665969464785,0.5488258449717541,0.8732924419182326
Real Personal Income excluding transfers,Federal Funds Rate,Growth / Activity,Policy / Liquidity,752,1964-01-01,2026-08-01,2026-08-01,0.15365465432234973,59,-0.2645371087994422,0.6513964063993605,0.9159335151988026
Real Personal Income excluding transfers,Total Bank Reserves,Growth / Activity,Policy / Liquidity,752,1964-01-01,2026-08-01,2026-08-01,0.30092221293690785,59,-0.8607898447831626,0.4326598935262109,1.2934497383093735
Real Personal Income excluding transfers,M2 Money Supply,Growth / Activity,Policy / Liquidity,752,1964-01-01,2026-08-01,2026-08-01,-0.28332838255655846,59,-0.9210574132153061,0.5002256605833778,1.421283073798684
Real Personal Income excluding transfers,Total Capacity Utilization,Growth / Activity,External / Structural,656,1972-01-01,2026-08-01,2026-08-01,0.0019174922688083513,59,-0.0058365815041941235,0.9297337732871284,0.9355703547913224
Real Personal Income,Real Retail & Food Services Sales,Growth / Activity,Growth / Activity,356,1997-01-01,2026-08-01,2026-08-01,-0.04416281286220243,57,-0.7333304376953349,0.7182519957039242,1.451582433399259
Real Personal Income,Housing Starts,Growth / Activity,Growth / Activity,752,1964-01-01,2026-08-01,2026-08-01,0.01095428256850828,59,-0.4132706648855153,0.4154692022803486,0.8287398671658639
Real Personal Income,Building Permits,Growth / Activity,Growth / Activity,740,1965-01-01,2026-08-01,2026-08-01,-0.018219332818100318,59,-0.531951594122025,0.3934617917348267,0.9254133858568516
Real Personal Income,Nonfarm Payroll Employment,Growth / Activity,Labor,752,1964-01-01,2026-08-01,2026-08-01,-0.07559568971912992,59,-0.9656728755721802,0.663857668443816,1.6295305440159962
Real Personal Income,Unemployment Rate,Growth / Activity,Labor,752,1964-01-01,2026-08-01,2026-08-01,0.2294141074157648,57,-0.46752438204456365,0.9611731017531508,1.4286974837977144
Real Personal Income,Average Weekly Hours — Total Private,Growth / Activity,Labor,186,2011-03-01,2026-08-01,2026-08-01,0.11149668802755763,59,-0.08620207616000365,0.4317257415615516,0.5179278177215553
Real Personal Income,Average Weekly Hours — Manufacturing,Growth / Activity,Labor,752,1964-01-01,2026-08-01,2026-08-01,0.040358224546944745,59,-0.9117265108530151,0.6391103835672117,1.5508368944202269
Real Personal Income,Job Openings,Growth / Activity,Labor,249,2005-12-01,2026-08-01,2026-08-01,-0.10193654354938196,59,-0.5567710272845877,0.455030893879294,1.0118019211638818
Real Personal Income,Labor Force Participation Rate,Growth / Activity,Labor,752,1964-01-01,2026-08-01,2026-08-01,0.03920258729341636,57,-0.8556994390067747,0.4473784980400957,1.3030779370468704
Real Personal Income,Average Hourly Earnings — Total Private,Growth / Activity,Labor,186,2011-03-01,2026-08-01,2026-08-01,-0.21630965737400704,59,-0.5209991242859239,0.9455165206121507,1.4665156448980747
Real Personal Income,CPI All Items,Growth / Activity,Inflation,752,1964-01-01,2026-08-01,2026-08-01,-0.5333736845512418,57,-0.5977886280449443,0.08100116544969554,0.6787897934946399
Real Personal Income,Core CPI,Growth / Activity,Inflation,752,1964-01-01,2026-08-01,2026-08-01,-0.17551605790735383,57,-0.7051929534241659,0.3482155609152199,1.0534085143393859
Real Personal Income,PCE Price Index,Growth / Activity,Inflation,752,1964-01-01,2026-08-01,2026-08-01,-0.5596456119821857,59,-0.6240813425942713,0.07785374384609024,0.7019350864403615
Real Personal Income,Core PCE Price Index,Growth / Activity,Inflation,752,1964-01-01,2026-08-01,2026-08-01,-0.3006627479541762,59,-0.6354297666442892,0.15979962777857873,0.7952293944228679
Real Personal Income,Producer Prices — Final Demand,Growth / Activity,Inflation,142,2014-11-01,2026-08-01,2026-08-01,-0.4919424526734706,59,-0.4969278100713768,0.037110097342951086,0.5340379074143279
Real Personal Income,Producer Prices — All Commodities,Growth / Activity,Inflation,752,1964-01-01,2026-08-01,2026-08-01,-0.542191463990409,59,-0.6180858996226926,0.12020077281468665,0.7382866724373792
Real Personal Income,Commercial & Industrial Loans,Growth / Activity,Credit,752,1964-01-01,2026-08-01,2026-08-01,-0.30543064678821397,59,-0.5970404359956749,0.7270820600201583,1.3241224960158333
Real Personal Income,Consumer Credit,Growth / Activity,Credit,752,1964-01-01,2026-08-01,2026-08-01,-0.04434425382346187,59,-0.47280571463707155,0.36543222340179216,0.8382379380388637
Real Personal Income,Federal Funds Rate,Growth / Activity,Policy / Liquidity,752,1964-01-01,2026-08-01,2026-08-01,0.09319525521173122,59,-0.35428899036485256,0.5464811973886727,0.9007701877535252
Real Personal Income,Total Bank Reserves,Growth / Activity,Policy / Liquidity,752,1964-01-01,2026-08-01,2026-08-01,0.27533557527267666,59,-0.5320790139426771,0.7081267291871758,1.2402057431298528
Real Personal Income,M2 Money Supply,Growth / Activity,Policy / Liquidity,752,1964-01-01,2026-08-01,2026-08-01,-0.259825111867495,59,-0.555936289164761,0.7948232431708278,1.3507595323355888
Real Personal Income,Total Capacity Utilization,Growth / Activity,External / Structural,656,1972-01-01,2026-08-01,2026-08-01,0.042157962925298664,59,-0.854227355597077,0.513645528897492,1.367872884494569
Real Retail & Food Services Sales,Housing Starts,Growth / Activity,Growth / Activity,356,1997-01-01,2026-08-01,2026-08-01,0.23590366730103873,58,-0.03223857364159665,0.6328883301516071,0.6651269037932037
Real Retail & Food Services Sales,Building Permits,Growth / Activity,Growth / Activity,356,1997-01-01,2026-08-01,2026-08-01,0.0012569266669681485,58,-0.11022184726100327,0.6393179645774132,0.7495398118384164
Real Retail & Food Services Sales,Nonfarm Payroll Employment,Growth / Activity,Labor,356,1997-01-01,2026-08-01,2026-08-01,0.050331472181227334,58,-0.1390244151329356,0.8460103017044122,0.9850347168373478
Real Retail & Food Services Sales,Unemployment Rate,Growth / Activity,Labor,356,1997-01-01,2026-08-01,2026-08-01,0.11091953381019928,58,-0.8483482583330024,0.24337147570247944,1.0917197340354818
Real Retail & Food Services Sales,Average Weekly Hours — Total Private,Growth / Activity,Labor,186,2011-03-01,2026-08-01,2026-08-01,0.2154791036952452,58,-0.06190809666812224,0.5725355652227185,0.6344436618908408
Real Retail & Food Services Sales,Average Weekly Hours — Manufacturing,Growth / Activity,Labor,356,1997-01-01,2026-08-01,2026-08-01,0.39844247428850643,58,-0.25431616615255437,0.7860402690640326,1.0403564352165868
Real Retail & Food Services Sales,Job Openings,Growth / Activity,Labor,249,2005-12-01,2026-08-01,2026-08-01,-0.19672419638964858,57,-0.2535569455982786,0.7805528173928887,1.0341097629911673
Real Retail & Food Services Sales,Labor Force Participation Rate,Growth / Activity,Labor,356,1997-01-01,2026-08-01,2026-08-01,0.05372779622121784,58,-0.2610099573500617,0.8664148914677731,1.1274248488178347
Real Retail & Food Services Sales,Average Hourly Earnings — Total Private,Growth / Activity,Labor,186,2011-03-01,2026-08-01,2026-08-01,-0.09098859337407054,58,-0.8384431937858559,0.0964528964277204,0.9348960902135762
Real Retail & Food Services Sales,CPI All Items,Growth / Activity,Inflation,356,1997-01-01,2026-08-01,2026-08-01,0.09666246594102647,58,-0.275186704319648,0.6803179583475706,0.9555046626672186
Real Retail & Food Services Sales,Core CPI,Growth / Activity,Inflation,356,1997-01-01,2026-08-01,2026-08-01,-0.14005971287500302,58,-0.3666664369304813,0.775941404332409,1.1426078412628904
Real Retail & Food Services Sales,PCE Price Index,Growth / Activity,Inflation,356,1997-01-01,2026-08-01,2026-08-01,0.11561785622591353,57,-0.25714377983449854,0.6152716952729341,0.8724154751074327
Real Retail & Food Services Sales,Core PCE Price Index,Growth / Activity,Inflation,356,1997-01-01,2026-08-01,2026-08-01,-0.03236427636556332,57,-0.21211728361329546,0.6606633194183107,0.8727806030316061
Real Retail & Food Services Sales,Producer Prices — Final Demand,Growth / Activity,Inflation,142,2014-11-01,2026-08-01,2026-08-01,0.253561833156523,58,0.10463023492785561,0.4783154444698852,0.3736852095420296
Real Retail & Food Services Sales,Producer Prices — All Commodities,Growth / Activity,Inflation,356,1997-01-01,2026-08-01,2026-08-01,0.2945579793237729,58,-0.29265942552330687,0.6861676028352421,0.978827028358549
Real Retail & Food Services Sales,Commercial & Industrial Loans,Growth / Activity,Credit,356,1997-01-01,2026-08-01,2026-08-01,0.1266005699937,58,-0.9409856526138366,0.19715493273378618,1.1381405853476227
Real Retail & Food Services Sales,Consumer Credit,Growth / Activity,Credit,356,1997-01-01,2026-08-01,2026-08-01,-0.004588480568829868,57,-0.13533658126433343,0.545248993315066,0.6805855745793995
Real Retail & Food Services Sales,Federal Funds Rate,Growth / Activity,Policy / Liquidity,356,1997-01-01,2026-08-01,2026-08-01,-0.15793969805105576,58,-0.30087162535070017,0.7442442895708591,1.0451159149215592
Real Retail & Food Services Sales,Total Bank Reserves,Growth / Activity,Policy / Liquidity,356,1997-01-01,2026-08-01,2026-08-01,-0.1346400901600928,57,-0.8576415528131416,0.29491097166632946,1.152552524479471
Real Retail & Food Services Sales,M2 Money Supply,Growth / Activity,Policy / Liquidity,356,1997-01-01,2026-08-01,2026-08-01,0.2183243987011415,57,-0.9405769965583904,0.6915736482583135,1.6321506448167038
Real Retail & Food Services Sales,Total Capacity Utilization,Growth / Activity,External / Structural,356,1997-01-01,2026-08-01,2026-08-01,0.26630916049690073,57,-0.08950982472272274,0.8889728982140384,0.9784827229367611
Housing Starts,Building Permits,Growth / Activity,Growth / Activity,740,1965-01-01,2026-08-01,2026-08-01,0.04861518328564076,60,0.01691865575507138,0.6896229002910883,0.672704244536017
Housing Starts,Nonfarm Payroll Employment,Growth / Activity,Labor,752,1964-01-01,2026-08-01,2026-08-01,0.049012183157700236,60,-0.21755022619812853,0.5258816051270321,0.7434318313251607
Housing Starts,Unemployment Rate,Growth / Activity,Labor,752,1964-01-01,2026-08-01,2026-08-01,0.028631490831572976,58,-0.5032487432006089,0.1957066681200882,0.698955411320697
Housing Starts,Average Weekly Hours — Total Private,Growth / Activity,Labor,186,2011-03-01,2026-08-01,2026-08-01,0.11979243523546253,60,-0.2592093650705352,0.3477777903712028,0.6069871554417381
Housing Starts,Average Weekly Hours — Manufacturing,Growth / Activity,Labor,752,1964-01-01,2026-08-01,2026-08-01,0.09798322348351945,60,-0.16002767185702732,0.5561604004376063,0.7161880722946337
Housing Starts,Job Openings,Growth / Activity,Labor,249,2005-12-01,2026-08-01,2026-08-01,-0.2946771034935929,59,-0.296411103028801,0.5215360444590136,0.8179471474878146
Housing Starts,Labor Force Participation Rate,Growth / Activity,Labor,752,1964-01-01,2026-08-01,2026-08-01,-0.12673990275218172,58,-0.24638963788891582,0.47222093416429844,0.7186105720532143
Housing Starts,Average Hourly Earnings — Total Private,Growth / Activity,Labor,186,2011-03-01,2026-08-01,2026-08-01,-0.3033798851964402,60,-0.578582931768265,0.10436734212418093,0.682950273892446
Housing Starts,CPI All Items,Growth / Activity,Inflation,752,1964-01-01,2026-08-01,2026-08-01,-0.12229529693051093,58,-0.30161897672388815,0.4793335003048938,0.7809524770287819
Housing Starts,Core CPI,Growth / Activity,Inflation,752,1964-01-01,2026-08-01,2026-08-01,-0.03426154426035008,58,-0.45184501661707616,0.4862724179360139,0.93811743455309
Housing Starts,PCE Price Index,Growth / Activity,Inflation,752,1964-01-01,2026-08-01,2026-08-01,-0.06451632502995151,59,-0.27879432256157466,0.4683454264054617,0.7471397489670364
Housing Starts,Core PCE Price Index,Growth / Activity,Inflation,752,1964-01-01,2026-08-01,2026-08-01,0.0007766763766334127,59,-0.30502239352820554,0.5209066472918967,0.8259290408201023
Housing Starts,Producer Prices — Final Demand,Growth / Activity,Inflation,142,2014-11-01,2026-08-01,2026-08-01,-0.032674397858928395,60,-0.056412126151394536,0.44707939958511406,0.5034915257365086
Housing Starts,Producer Prices — All Commodities,Growth / Activity,Inflation,752,1964-01-01,2026-08-01,2026-08-01,-0.09853986267086462,60,-0.3356962753419946,0.46160822950099095,0.7973045048429855
Housing Starts,Commercial & Industrial Loans,Growth / Activity,Credit,752,1964-01-01,2026-08-01,2026-08-01,0.011779599976504601,60,-0.5413750812146126,0.21218631475607888,0.7535613959706915
Housing Starts,Consumer Credit,Growth / Activity,Credit,752,1964-01-01,2026-08-01,2026-08-01,-0.1930697489410142,59,-0.19359258961162742,0.44748540552953314,0.6410779951411606
Housing Starts,Federal Funds Rate,Growth / Activity,Policy / Liquidity,752,1964-01-01,2026-08-01,2026-08-01,-0.06569966938715846,60,-0.28690154827580555,0.3591651901713928,0.6460667384471983
Housing Starts,Total Bank Reserves,Growth / Activity,Policy / Liquidity,752,1964-01-01,2026-08-01,2026-08-01,0.028139550426742682,59,-0.5298123330647772,0.3863791391056719,0.916191472170449
Housing Starts,M2 Money Supply,Growth / Activity,Policy / Liquidity,752,1964-01-01,2026-08-01,2026-08-01,0.060116714328925035,59,-0.4823829990080747,0.4115943693438672,0.8939773683519419
Housing Starts,Total Capacity Utilization,Growth / Activity,External / Structural,656,1972-01-01,2026-08-01,2026-08-01,0.34502065337608184,59,-0.17490338500626218,0.6746401141850246,0.8495434991912867
Building Permits,Nonfarm Payroll Employment,Growth / Activity,Labor,740,1965-01-01,2026-08-01,2026-08-01,-0.014752251238798659,60,-0.24030531439610953,0.5770104770363642,0.8173157914324738
Building Permits,Unemployment Rate,Growth / Activity,Labor,740,1965-01-01,2026-08-01,2026-08-01,0.1754671776460485,58,-0.5826726236731523,0.28375590448252735,0.8664285281556796
Building Permits,Average Weekly Hours — Total Private,Growth / Activity,Labor,186,2011-03-01,2026-08-01,2026-08-01,0.05093958463547312,60,-0.20204886629446658,0.32873704937960446,0.5307859156740711
Building Permits,Average Weekly Hours — Manufacturing,Growth / Activity,Labor,740,1965-01-01,2026-08-01,2026-08-01,0.0525367144990369,60,-0.17666931693061508,0.6490973592767413,0.8257666762073563
Building Permits,Job Openings,Growth / Activity,Labor,249,2005-12-01,2026-08-01,2026-08-01,0.06582955192563882,59,-0.34431145627605086,0.6252260343155746,0.9695374905916254
Building Permits,Labor Force Participation Rate,Growth / Activity,Labor,740,1965-01-01,2026-08-01,2026-08-01,0.08159257582976188,58,-0.1588232168806123,0.5361006669488324,0.6949238838294447
Building Permits,Average Hourly Earnings — Total Private,Growth / Activity,Labor,186,2011-03-01,2026-08-01,2026-08-01,-0.057583694286125926,60,-0.6167556093046553,0.09498070165012602,0.7117363109547814
Building Permits,CPI All Items,Growth / Activity,Inflation,740,1965-01-01,2026-08-01,2026-08-01,0.050467038664566144,58,-0.3463868488905103,0.4647205317337391,0.8111073806242495
Building Permits,Core CPI,Growth / Activity,Inflation,740,1965-01-01,2026-08-01,2026-08-01,0.09302158902435285,58,-0.3930711721238459,0.4803594440139019,0.8734306161377479
Building Permits,PCE Price Index,Growth / Activity,Inflation,740,1965-01-01,2026-08-01,2026-08-01,0.03508653240419424,59,-0.32278416555057754,0.465048278490576,0.7878324440411535
Building Permits,Core PCE Price Index,Growth / Activity,Inflation,740,1965-01-01,2026-08-01,2026-08-01,0.027975515222737685,59,-0.3447032112152275,0.5114008315171428,0.8561040427323703
Building Permits,Producer Prices — Final Demand,Growth / Activity,Inflation,142,2014-11-01,2026-08-01,2026-08-01,0.1104003211907018,60,-0.10328289552986215,0.4396941265048694,0.5429770220347315
Building Permits,Producer Prices — All Commodities,Growth / Activity,Inflation,740,1965-01-01,2026-08-01,2026-08-01,0.011786848221224477,60,-0.4397066168678819,0.5546155587281649,0.9943221755960469
Building Permits,Commercial & Industrial Loans,Growth / Activity,Credit,740,1965-01-01,2026-08-01,2026-08-01,0.006745305461234742,60,-0.4935389191673371,0.22805208983865627,0.7215910090059934
Building Permits,Consumer Credit,Growth / Activity,Credit,740,1965-01-01,2026-08-01,2026-08-01,-0.023418192053173515,59,-0.3205409202085032,0.3410993578855974,0.6616402780941006
Building Permits,Federal Funds Rate,Growth / Activity,Policy / Liquidity,740,1965-01-01,2026-08-01,2026-08-01,-0.18397935915095115,60,-0.4795615959169913,0.4794673380221394,0.9590289339391307
Building Permits,Total Bank Reserves,Growth / Activity,Policy / Liquidity,740,1965-01-01,2026-08-01,2026-08-01,-0.07842364213666433,59,-0.5109606006839028,0.4149988165868529,0.9259594172707557
Building Permits,M2 Money Supply,Growth / Activity,Policy / Liquidity,740,1965-01-01,2026-08-01,2026-08-01,0.31726300288868897,59,-0.5047469462502584,0.5421129531208105,1.046859899371069
Building Permits,Total Capacity Utilization,Growth / Activity,External / Structural,656,1972-01-01,2026-08-01,2026-08-01,0.24719899380232868,59,-0.30415344987618365,0.6603077080163657,0.9644611578925494
Nonfarm Payroll Employment,Unemployment Rate,Labor,Labor,884,1953-01-01,2026-08-01,2026-08-01,-0.3971006324463653,58,-0.9954447147015836,0.3559131945702438,1.3513579092718273
Nonfarm Payroll Employment,Average Weekly Hours — Total Private,Labor,Labor,186,2011-03-01,2026-08-01,2026-08-01,0.18278024100038992,60,-0.15384709395256285,0.44462869389772963,0.5984757878502924
Nonfarm Payroll Employment,Average Weekly Hours — Manufacturing,Labor,Labor,992,1944-01-01,2026-08-01,2026-08-01,0.11331467719564252,60,-0.06108546932814196,0.9428326346184304,1.0039181039465723
Nonfarm Payroll Employment,Job Openings,Labor,Labor,249,2005-12-01,2026-08-01,2026-08-01,0.14753573076879115,59,0.08319520768099546,0.6491143402471384,0.565919132566143
Nonfarm Payroll Employment,Labor Force Participation Rate,Labor,Labor,884,1953-01-01,2026-08-01,2026-08-01,0.22317240633331592,58,-0.11806017686665911,0.9330216270971188,1.051081803963778
Nonfarm Payroll Employment,Average Hourly Earnings — Total Private,Labor,Labor,186,2011-03-01,2026-08-01,2026-08-01,0.1979039005524305,60,-0.9744270851028045,0.2190926606788491,1.1935197457816535
Nonfarm Payroll Employment,CPI All Items,Labor,Inflation,896,1952-01-01,2026-08-01,2026-08-01,0.5513338248638304,58,-0.41083491973396447,0.6270786200859093,1.0379135398198738
Nonfarm Payroll Employment,Core CPI,Labor,Inflation,776,1962-01-01,2026-08-01,2026-08-01,0.634995155761861,58,-0.4078027857543277,0.7890500595045314,1.1968528452588592
Nonfarm Payroll Employment,PCE Price Index,Labor,Inflation,752,1964-01-01,2026-08-01,2026-08-01,0.5112660533884494,59,-0.31152819786157465,0.568732944524792,0.8802611423863667
Nonfarm Payroll Employment,Core PCE Price Index,Labor,Inflation,752,1964-01-01,2026-08-01,2026-08-01,0.4724179192098579,59,-0.5112708214240367,0.6692838986308791,1.1805547200549158
Nonfarm Payroll Employment,Producer Prices — Final Demand,Labor,Inflation,142,2014-11-01,2026-08-01,2026-08-01,0.27093065560285406,60,-0.16018869027371396,0.5232188797009578,0.6834075699746718
Nonfarm Payroll Employment,Producer Prices — All Commodities,Labor,Inflation,992,1944-01-01,2026-08-01,2026-08-01,0.15696660175340588,60,-0.42947148420454817,0.6865398883035817,1.11601137250813
Nonfarm Payroll Employment,Commercial & Industrial Loans,Labor,Credit,896,1952-01-01,2026-08-01,2026-08-01,0.26434041590347107,60,-0.8506635237245077,0.6933870080922998,1.5440505318168074
Nonfarm Payroll Employment,Consumer Credit,Labor,Credit,944,1948-01-01,2026-08-01,2026-08-01,0.2734946945730266,59,-0.3242955711722321,0.7465650996133373,1.0708606707855695
Nonfarm Payroll Employment,Federal Funds Rate,Labor,Policy / Liquidity,806,1959-07-01,2026-08-01,2026-08-01,0.38347005252493954,60,-0.24830263847223405,0.7442330236985335,0.9925356621707675
Nonfarm Payroll Employment,Total Bank Reserves,Labor,Policy / Liquidity,752,1964-01-01,2026-08-01,2026-08-01,-0.04424154798297017,59,-0.8205636163659213,0.25549198881185625,1.0760556051777777
Nonfarm Payroll Employment,M2 Money Supply,Labor,Policy / Liquidity,752,1964-01-01,2026-08-01,2026-08-01,0.02047229539668248,59,-0.8988549169652774,0.5428175606755238,1.4416724776408012
Nonfarm Payroll Employment,Total Capacity Utilization,Labor,External / Structural,656,1972-01-01,2026-08-01,2026-08-01,0.22415790875788263,59,-0.27028042538654967,0.9341006157533535,1.2043810411399032
Unemployment Rate,Average Weekly Hours — Total Private,Labor,Labor,186,2011-03-01,2026-08-01,2026-08-01,-0.035278971726582106,58,-0.30781312081997925,0.16208505791501032,0.46989817873498957
Unemployment Rate,Average Weekly Hours — Manufacturing,Labor,Labor,884,1953-01-01,2026-08-01,2026-08-01,0.09677492298025396,58,-0.9332294798447743,0.23035808474877634,1.1635875645935507
Unemployment Rate,Job Openings,Labor,Labor,249,2005-12-01,2026-08-01,2026-08-01,-0.21139021646547979,57,-0.6363813304229652,0.13573685830975435,0.7721181887327195
Unemployment Rate,Labor Force Participation Rate,Labor,Labor,884,1953-01-01,2026-08-01,2026-08-01,-0.07055243223112456,58,-0.9258366670186122,0.5497434640398529,1.475580131058465
Unemployment Rate,Average Hourly Earnings — Total Private,Labor,Labor,186,2011-03-01,2026-08-01,2026-08-01,-0.2701025455536465,58,-0.32147003296223536,0.9695993708638823,1.2910694038261177
Unemployment Rate,CPI All Items,Labor,Inflation,884,1953-01-01,2026-08-01,2026-08-01,-0.28909620975630157,58,-0.6242547063002918,0.3789124908064402,1.003167197106732
Unemployment Rate,Core CPI,Labor,Inflation,776,1962-01-01,2026-08-01,2026-08-01,-0.22681055807624287,58,-0.782215907577041,0.4133048662755697,1.1955207738526106
Unemployment Rate,PCE Price Index,Labor,Inflation,752,1964-01-01,2026-08-01,2026-08-01,-0.2734611269119672,57,-0.5649430155412352,0.37819354070993816,0.9431365562511733
Unemployment Rate,Core PCE Price Index,Labor,Inflation,752,1964-01-01,2026-08-01,2026-08-01,-0.20901606485877602,57,-0.6677702184383069,0.39475332566652904,1.062523544104836
Unemployment Rate,Producer Prices — Final Demand,Labor,Inflation,142,2014-11-01,2026-08-01,2026-08-01,-0.120048526839834,58,-0.525375873137684,0.08030125922096876,0.6056771323586527
Unemployment Rate,Producer Prices — All Commodities,Labor,Inflation,884,1953-01-01,2026-08-01,2026-08-01,-0.08659364115486133,58,-0.691149381241887,0.2984235717861738,0.9895729530280608
Unemployment Rate,Commercial & Industrial Loans,Labor,Credit,884,1953-01-01,2026-08-01,2026-08-01,0.002573452591763034,58,-0.4712461051558349,0.8576018101128089,1.3288479152686439
Unemployment Rate,Consumer Credit,Labor,Credit,884,1953-01-01,2026-08-01,2026-08-01,-0.1428159350306965,57,-0.6716365155085174,0.42698220397283204,1.0986187194813495
Unemployment Rate,Federal Funds Rate,Labor,Policy / Liquidity,806,1959-07-01,2026-08-01,2026-08-01,0.09921877590867137,58,-0.5881634935374017,0.2914158351026129,0.8795793286400146
Unemployment Rate,Total Bank Reserves,Labor,Policy / Liquidity,752,1964-01-01,2026-08-01,2026-08-01,-0.1448834921237515,57,-0.3685578530660628,0.8235901301774728,1.1921479832435358
Unemployment Rate,M2 Money Supply,Labor,Policy / Liquidity,752,1964-01-01,2026-08-01,2026-08-01,-0.08864701727958092,57,-0.5449036716373957,0.9011624028326384,1.4460660744700342
Unemployment Rate,Total Capacity Utilization,Labor,External / Structural,656,1972-01-01,2026-08-01,2026-08-01,-0.05770695244361161,57,-0.9349157139255063,0.06847000549560976,1.003385719421116
Average Weekly Hours — Total Private,Average Weekly Hours — Manufacturing,Labor,Labor,186,2011-03-01,2026-08-01,2026-08-01,0.6048591194982824,60,0.014001108257606414,0.7129705689551004,0.698969460697494
Average Weekly Hours — Total Private,Job Openings,Labor,Labor,186,2011-03-01,2026-08-01,2026-08-01,0.3119943722674671,59,0.16088035817138238,0.449529513614229,0.28864915544284664
Average Weekly Hours — Total Private,Labor Force Participation Rate,Labor,Labor,186,2011-03-01,2026-08-01,2026-08-01,0.023576498440648713,58,-0.06746727825430372,0.2364491855414022,0.3039164637957059
Average Weekly Hours — Total Private,Average Hourly Earnings — Total Private,Labor,Labor,186,2011-03-01,2026-08-01,2026-08-01,-0.3879458916078856,60,-0.4609540314610128,0.1898166490365111,0.650770680497524
Average Weekly Hours — Total Private,CPI All Items,Labor,Inflation,186,2011-03-01,2026-08-01,2026-08-01,0.06719229229088211,58,-0.13442473700112223,0.3640961086220333,0.4985208456231555
Average Weekly Hours — Total Private,Core CPI,Labor,Inflation,186,2011-03-01,2026-08-01,2026-08-01,-0.03192758400613121,58,-0.3151138884010814,-0.0020282666576411368,0.31308562174344023
Average Weekly Hours — Total Private,PCE Price Index,Labor,Inflation,186,2011-03-01,2026-08-01,2026-08-01,-0.0009513776528595235,59,-0.05654659920386872,0.35207571407440974,0.40862231327827847
Average Weekly Hours — Total Private,Core PCE Price Index,Labor,Inflation,186,2011-03-01,2026-08-01,2026-08-01,-0.12553992855775067,59,-0.18147881405998673,0.07919910521810944,0.26067791927809614
Average Weekly Hours — Total Private,Producer Prices — Final Demand,Labor,Inflation,142,2014-11-01,2026-08-01,2026-08-01,-0.06187130498956246,60,-0.09201458719146414,0.36317578838263853,0.4551903755741027
Average Weekly Hours — Total Private,Producer Prices — All Commodities,Labor,Inflation,186,2011-03-01,2026-08-01,2026-08-01,0.009589081937535451,60,-0.05645885937122373,0.39635738730572784,0.4528162466769516
Average Weekly Hours — Total Private,Commercial & Industrial Loans,Labor,Credit,186,2011-03-01,2026-08-01,2026-08-01,0.21726111454075003,60,-0.2956598823818278,0.22771445709201912,0.5233743394738469
Average Weekly Hours — Total Private,Consumer Credit,Labor,Credit,186,2011-03-01,2026-08-01,2026-08-01,-0.02996157018371993,59,-0.2324003672082764,0.2883196733101534,0.5207200405184298
Average Weekly Hours — Total Private,Federal Funds Rate,Labor,Policy / Liquidity,186,2011-03-01,2026-08-01,2026-08-01,-0.059140514849834784,60,-0.2035099974836569,0.3866288317278893,0.5901388292115461
Average Weekly Hours — Total Private,Total Bank Reserves,Labor,Policy / Liquidity,186,2011-03-01,2026-08-01,2026-08-01,0.15499527168906205,59,-0.36630281450414226,0.30513840910286866,0.6714412236070109
Average Weekly Hours — Total Private,M2 Money Supply,Labor,Policy / Liquidity,186,2011-03-01,2026-08-01,2026-08-01,0.12421238882396654,59,-0.3151953271659021,0.3965004297098112,0.7116957568757133
Average Weekly Hours — Total Private,Total Capacity Utilization,Labor,External / Structural,186,2011-03-01,2026-08-01,2026-08-01,0.39003007657780847,59,-0.004425564588736292,0.6080416321029797,0.612467196691716
Average Weekly Hours — Manufacturing,Job Openings,Labor,Labor,249,2005-12-01,2026-08-01,2026-08-01,0.11588891452849899,59,-0.07780417660916629,0.6873475800462917,0.765151756655458
Average Weekly Hours — Manufacturing,Labor Force Participation Rate,Labor,Labor,884,1953-01-01,2026-08-01,2026-08-01,-0.1686081956016194,58,-0.33756923222391516,0.8908619534186243,1.2284311856425394
Average Weekly Hours — Manufacturing,Average Hourly Earnings — Total Private,Labor,Labor,186,2011-03-01,2026-08-01,2026-08-01,-0.1720234461523765,60,-0.924131100451827,0.2191035025432408,1.1432346029950677
Average Weekly Hours — Manufacturing,CPI All Items,Labor,Inflation,896,1952-01-01,2026-08-01,2026-08-01,-0.05182282447332706,58,-0.24648705646282978,0.5693228362372509,0.8158098927000806
Average Weekly Hours — Manufacturing,Core CPI,Labor,Inflation,776,1962-01-01,2026-08-01,2026-08-01,-0.1386993606938819,58,-0.251280837186985,0.7543471726923451,1.00562800987933
Average Weekly Hours — Manufacturing,PCE Price Index,Labor,Inflation,752,1964-01-01,2026-08-01,2026-08-01,-0.0033561267727137386,59,-0.21984704860073495,0.5562248453124015,0.7760718939131364
Average Weekly Hours — Manufacturing,Core PCE Price Index,Labor,Inflation,752,1964-01-01,2026-08-01,2026-08-01,-0.0155187954324857,59,-0.31500609245390165,0.6876825467476639,1.0026886392015655
Average Weekly Hours — Manufacturing,Producer Prices — Final Demand,Labor,Inflation,142,2014-11-01,2026-08-01,2026-08-01,0.1589228211184157,60,0.0460374401239188,0.5503974055298091,0.5043599654058903
Average Weekly Hours — Manufacturing,Producer Prices — All Commodities,Labor,Inflation,992,1944-01-01,2026-08-01,2026-08-01,0.07885614641410112,60,-0.22953942010071401,0.6871134634115116,0.9166528835122256
Average Weekly Hours — Manufacturing,Commercial & Industrial Loans,Labor,Credit,896,1952-01-01,2026-08-01,2026-08-01,0.11958834394643018,60,-0.7973292314936702,0.2557587963622167,1.053088027855887
Average Weekly Hours — Manufacturing,Consumer Credit,Labor,Credit,944,1948-01-01,2026-08-01,2026-08-01,-0.15020244686109202,59,-0.30661855961687745,0.528753368802756,0.8353719284196335
Average Weekly Hours — Manufacturing,Federal Funds Rate,Labor,Policy / Liquidity,806,1959-07-01,2026-08-01,2026-08-01,-0.1774422354312641,60,-0.26882509447990766,0.5207652233726251,0.7895903178525328
Average Weekly Hours — Manufacturing,Total Bank Reserves,Labor,Policy / Liquidity,752,1964-01-01,2026-08-01,2026-08-01,0.043023070563702075,59,-0.7838792425230715,0.18103747311087506,0.9649167156339465
Average Weekly Hours — Manufacturing,M2 Money Supply,Labor,Policy / Liquidity,752,1964-01-01,2026-08-01,2026-08-01,0.20763264884933114,59,-0.8565351019381567,0.5247769546135975,1.3813120565517543
Average Weekly Hours — Manufacturing,Total Capacity Utilization,Labor,External / Structural,656,1972-01-01,2026-08-01,2026-08-01,0.3751953120676953,59,0.10071936582723823,0.9220510254258583,0.82133165959862
Job Openings,Labor Force Participation Rate,Labor,Labor,249,2005-12-01,2026-08-01,2026-08-01,-0.0839159362519494,57,-0.08436063690861556,0.690614081535726,0.7749747184443416
Job Openings,Average Hourly Earnings — Total Private,Labor,Labor,186,2011-03-01,2026-08-01,2026-08-01,-0.02736223973433674,59,-0.6811404451158426,0.3123915855431882,0.9935320306590307
Job Openings,CPI All Items,Labor,Inflation,249,2005-12-01,2026-08-01,2026-08-01,0.2301940712094402,57,-0.17977819175754384,0.46889483555504263,0.6486730273125865
Job Openings,Core CPI,Labor,Inflation,249,2005-12-01,2026-08-01,2026-08-01,0.0846035177990502,57,-0.2339273144469068,0.5638481525057921,0.7977754669526989
Job Openings,PCE Price Index,Labor,Inflation,249,2005-12-01,2026-08-01,2026-08-01,0.15369572918941932,59,-0.19329661175658042,0.5336183189564279,0.7269149307130083
Job Openings,Core PCE Price Index,Labor,Inflation,249,2005-12-01,2026-08-01,2026-08-01,-0.021776686943329886,59,-0.33193434939976385,0.5467862563423174,0.8787206057420812
Job Openings,Producer Prices — Final Demand,Labor,Inflation,142,2014-11-01,2026-08-01,2026-08-01,0.23815750503313243,59,-0.04217164155462715,0.5976814632077456,0.6398531047623728
Job Openings,Producer Prices — All Commodities,Labor,Inflation,249,2005-12-01,2026-08-01,2026-08-01,0.19770537468752195,59,-0.13076650044551263,0.679000596900841,0.8097670973463537
Job Openings,Commercial & Industrial Loans,Labor,Credit,249,2005-12-01,2026-08-01,2026-08-01,0.053844189169359055,59,-0.613967485029739,0.24945792855176732,0.8634254135815063
Job Openings,Consumer Credit,Labor,Credit,249,2005-12-01,2026-08-01,2026-08-01,0.06846043127558113,59,-0.08209532054082967,0.3079000865523374,0.3899954070931671
Job Openings,Federal Funds Rate,Labor,Policy / Liquidity,249,2005-12-01,2026-08-01,2026-08-01,-0.1413576507487834,59,-0.21935410881270737,0.5571041110341134,0.7764582198468207
Job Openings,Total Bank Reserves,Labor,Policy / Liquidity,249,2005-12-01,2026-08-01,2026-08-01,0.05672770528226341,59,-0.5810368261848796,0.2941207804373468,0.8751576066222264
Job Openings,M2 Money Supply,Labor,Policy / Liquidity,249,2005-12-01,2026-08-01,2026-08-01,0.08644995962750344,59,-0.6456148240447599,0.6302958745315098,1.2759106985762698
Job Openings,Total Capacity Utilization,Labor,External / Structural,249,2005-12-01,2026-08-01,2026-08-01,0.08687325183677375,59,-0.29152479401364934,0.6589916291408158,0.9505164231544652
Labor Force Participation Rate,Average Hourly Earnings — Total Private,Labor,Labor,186,2011-03-01,2026-08-01,2026-08-01,3.5847481011212405e-05,58,-0.9061118176098648,0.28335301586442085,1.1894648334742857
Labor Force Participation Rate,CPI All Items,Labor,Inflation,884,1953-01-01,2026-08-01,2026-08-01,0.26305255556670004,58,-0.22848349139452476,0.6140239353338278,0.8425074267283525
Labor Force Participation Rate,Core CPI,Labor,Inflation,776,1962-01-01,2026-08-01,2026-08-01,0.2795065989189215,58,-0.3176168427326234,0.770322456125256,1.0879392988578793
Labor Force Participation Rate,PCE Price Index,Labor,Inflation,752,1964-01-01,2026-08-01,2026-08-01,0.19275810508926225,57,-0.27246760869015446,0.5644239423452193,0.8368915510353738
Labor Force Participation Rate,Core PCE Price Index,Labor,Inflation,752,1964-01-01,2026-08-01,2026-08-01,0.14509445024980058,57,-0.37633599562245995,0.6677769080739744,1.0441129036964343
Labor Force Participation Rate,Producer Prices — Final Demand,Labor,Inflation,142,2014-11-01,2026-08-01,2026-08-01,0.06220021760295851,58,-0.13737466771645385,0.4945979487288215,0.6319726164452754
Labor Force Participation Rate,Producer Prices — All Commodities,Labor,Inflation,884,1953-01-01,2026-08-01,2026-08-01,0.09383892273376916,58,-0.25402839571065566,0.6674432184185042,0.9214716141291599
Labor Force Participation Rate,Commercial & Industrial Loans,Labor,Credit,884,1953-01-01,2026-08-01,2026-08-01,-0.14398271260173617,58,-0.8555342281230447,0.37006504300469373,1.2255992711277384
Labor Force Participation Rate,Consumer Credit,Labor,Credit,884,1953-01-01,2026-08-01,2026-08-01,0.003113651825813201,57,-0.3516274280015632,0.5885474023769898,0.940174830378553
Labor Force Participation Rate,Federal Funds Rate,Labor,Policy / Liquidity,806,1959-07-01,2026-08-01,2026-08-01,0.14130180260200814,58,-0.20034500884166112,0.6127819825832039,0.8131269914248651
Labor Force Participation Rate,Total Bank Reserves,Labor,Policy / Liquidity,752,1964-01-01,2026-08-01,2026-08-01,-0.053485234562364564,57,-0.8018880233811562,0.3574202587938342,1.1593082821749903
Labor Force Participation Rate,M2 Money Supply,Labor,Policy / Liquidity,752,1964-01-01,2026-08-01,2026-08-01,-0.05431870706513527,57,-0.883880227870425,0.4183050968712304,1.3021853247416555
Labor Force Participation Rate,Total Capacity Utilization,Labor,External / Structural,656,1972-01-01,2026-08-01,2026-08-01,0.05433814680657015,57,-0.27621721011541317,0.8653944028363082,1.1416116129517213
Average Hourly Earnings — Total Private,CPI All Items,Labor,Inflation,186,2011-03-01,2026-08-01,2026-08-01,0.10302742621116547,58,-0.5634046049950837,0.1881341078379498,0.7515387128330335
Average Hourly Earnings — Total Private,Core CPI,Labor,Inflation,186,2011-03-01,2026-08-01,2026-08-01,0.2354636674501271,58,-0.780383978195284,0.37801214589695376,1.1583961240922378
Average Hourly Earnings — Total Private,PCE Price Index,Labor,Inflation,186,2011-03-01,2026-08-01,2026-08-01,0.100898707347954,59,-0.5003789746781148,0.21802671125029202,0.7184056859284068
Average Hourly Earnings — Total Private,Core PCE Price Index,Labor,Inflation,186,2011-03-01,2026-08-01,2026-08-01,0.17909724672366442,59,-0.6440919946268486,0.30933009689774527,0.9534220915245939
Average Hourly Earnings — Total Private,Producer Prices — Final Demand,Labor,Inflation,142,2014-11-01,2026-08-01,2026-08-01,0.11629627836356103,60,-0.5187504901696625,0.231457497399641,0.7502079875693035
Average Hourly Earnings — Total Private,Producer Prices — All Commodities,Labor,Inflation,186,2011-03-01,2026-08-01,2026-08-01,-0.03163285275006776,60,-0.6785020042334057,0.1244525979701841,0.8029546022035898
Average Hourly Earnings — Total Private,Commercial & Industrial Loans,Labor,Credit,186,2011-03-01,2026-08-01,2026-08-01,-0.034532240756957384,60,-0.10957719058167702,0.8486360490321281,0.9582132396138051
Average Hourly Earnings — Total Private,Consumer Credit,Labor,Credit,186,2011-03-01,2026-08-01,2026-08-01,0.20771255626804316,59,-0.5929928982728626,0.22215155193775804,0.8151444502106207
Average Hourly Earnings — Total Private,Federal Funds Rate,Labor,Policy / Liquidity,186,2011-03-01,2026-08-01,2026-08-01,0.08934246888819447,60,-0.5303479370490648,0.0996828815595583,0.6300308186086231
Average Hourly Earnings — Total Private,Total Bank Reserves,Labor,Policy / Liquidity,186,2011-03-01,2026-08-01,2026-08-01,-0.1894963500178596,59,-0.24930783367201478,0.7941818159214269,1.0434896495934416
Average Hourly Earnings — Total Private,M2 Money Supply,Labor,Policy / Liquidity,186,2011-03-01,2026-08-01,2026-08-01,-0.07968622775054597,59,-0.5290688357249427,0.8903600128623549,1.4194288485872977
Average Hourly Earnings — Total Private,Total Capacity Utilization,Labor,External / Structural,186,2011-03-01,2026-08-01,2026-08-01,-0.26407094666889197,59,-0.9036088483741586,0.15732228084091857,1.0609311292150772
CPI All Items,Core CPI,Inflation,Inflation,776,1962-01-01,2026-08-01,2026-08-01,0.6395154683809167,58,-0.027269307910492632,0.8880866739739577,0.9153559818844503
CPI All Items,PCE Price Index,Inflation,Inflation,752,1964-01-01,2026-08-01,2026-08-01,0.928610418579691,57,0.5063937038641348,0.9880355130995658,0.481641809235431
CPI All Items,Core PCE Price Index,Inflation,Inflation,752,1964-01-01,2026-08-01,2026-08-01,0.5495178596829386,57,-0.15334190266925374,0.8227719225666889,0.9761138252359426
CPI All Items,Producer Prices — Final Demand,Inflation,Inflation,142,2014-11-01,2026-08-01,2026-08-01,0.6866885104020796,58,0.46181252733742745,0.7510926480310605,0.289280120693633
CPI All Items,Producer Prices — All Commodities,Inflation,Inflation,896,1952-01-01,2026-08-01,2026-08-01,0.7082534675555838,58,-0.026725660548692604,0.8491626692605393,0.8758883298092319
CPI All Items,Commercial & Industrial Loans,Inflation,Credit,896,1952-01-01,2026-08-01,2026-08-01,0.33088613764948704,58,-0.7442933946604026,0.6114418621565106,1.3557352568169132
CPI All Items,Consumer Credit,Inflation,Credit,896,1952-01-01,2026-08-01,2026-08-01,0.19599989503514165,57,-0.3703877559303649,0.6018370084821995,0.9722247644125643
CPI All Items,Federal Funds Rate,Inflation,Policy / Liquidity,806,1959-07-01,2026-08-01,2026-08-01,0.12772010457771094,58,-0.27079836004001984,0.7786486961435813,1.0494470561836011
CPI All Items,Total Bank Reserves,Inflation,Policy / Liquidity,752,1964-01-01,2026-08-01,2026-08-01,-0.19725641344643355,57,-0.7409868297994948,0.2635877879941358,1.0045746177936306
CPI All Items,M2 Money Supply,Inflation,Policy / Liquidity,752,1964-01-01,2026-08-01,2026-08-01,0.10526239438988541,57,-0.7000491105026737,0.31035939241031674,1.0104085029129903
CPI All Items,Total Capacity Utilization,Inflation,External / Structural,656,1972-01-01,2026-08-01,2026-08-01,0.2055177430813913,57,-0.39590882731019944,0.6645720550655079,1.0604808823757073
Core CPI,PCE Price Index,Inflation,Inflation,752,1964-01-01,2026-08-01,2026-08-01,0.6164598463639999,57,-0.13259465272066248,0.7680702214385964,0.9006648741592589
Core CPI,Core PCE Price Index,Inflation,Inflation,752,1964-01-01,2026-08-01,2026-08-01,0.7463750378199662,57,-0.15130826212982795,0.8705375101038405,1.0218457722336685
Core CPI,Producer Prices — Final Demand,Inflation,Inflation,142,2014-11-01,2026-08-01,2026-08-01,0.2755641837151707,58,-0.1841849653155376,0.5321379242178504,0.7163228895333881
Core CPI,Producer Prices — All Commodities,Inflation,Inflation,776,1962-01-01,2026-08-01,2026-08-01,0.24587758950547678,58,-0.30913472851156004,0.560250357826727,0.869385086338287
Core CPI,Commercial & Industrial Loans,Inflation,Credit,776,1962-01-01,2026-08-01,2026-08-01,0.16533665271958256,58,-0.79101901154822,0.5859059599344667,1.3769249714826866
Core CPI,Consumer Credit,Inflation,Credit,776,1962-01-01,2026-08-01,2026-08-01,0.2781132754596019,57,-0.5562805125989168,0.6348442991888074,1.191124811787724
Core CPI,Federal Funds Rate,Inflation,Policy / Liquidity,776,1962-01-01,2026-08-01,2026-08-01,0.3421046940829384,58,-0.44703044128393393,0.5537656777788281,1.0007961190627621
Core CPI,Total Bank Reserves,Inflation,Policy / Liquidity,752,1964-01-01,2026-08-01,2026-08-01,-0.29287187892819866,57,-0.74111185917561,0.27479894535384247,1.0159108045294525
Core CPI,M2 Money Supply,Inflation,Policy / Liquidity,752,1964-01-01,2026-08-01,2026-08-01,-0.11919165989593805,57,-0.8114248691194941,0.4973551266846825,1.3087799958041766
Core CPI,Total Capacity Utilization,Inflation,External / Structural,656,1972-01-01,2026-08-01,2026-08-01,0.11197940004671447,57,-0.3803288197437746,0.7638550693730317,1.1441838891168064
PCE Price Index,Core PCE Price Index,Inflation,Inflation,752,1964-01-01,2026-08-01,2026-08-01,0.7597518537069248,59,0.19863637373423998,0.9104014121307797,0.7117650383965397
PCE Price Index,Producer Prices — Final Demand,Inflation,Inflation,142,2014-11-01,2026-08-01,2026-08-01,0.7347325629252102,59,0.5844891386164689,0.7961632050435351,0.2116740664270662
PCE Price Index,Producer Prices — All Commodities,Inflation,Inflation,752,1964-01-01,2026-08-01,2026-08-01,0.7213364395611568,59,0.13109214328581045,0.8791220893903526,0.7480299461045422
PCE Price Index,Commercial & Industrial Loans,Inflation,Credit,752,1964-01-01,2026-08-01,2026-08-01,0.3836768905170293,59,-0.6550437380254446,0.6218470757903922,1.2768908138158368
PCE Price Index,Consumer Credit,Inflation,Credit,752,1964-01-01,2026-08-01,2026-08-01,0.2035642551846932,59,-0.4649214290197664,0.5234640903340737,0.9883855193538401
PCE Price Index,Federal Funds Rate,Inflation,Policy / Liquidity,752,1964-01-01,2026-08-01,2026-08-01,0.16884297653426011,59,-0.3258165384920453,0.7637109635497081,1.0895275020417534
PCE Price Index,Total Bank Reserves,Inflation,Policy / Liquidity,752,1964-01-01,2026-08-01,2026-08-01,-0.18644213113973593,59,-0.7085514203201834,0.26922147328366347,0.9777728936038468
PCE Price Index,M2 Money Supply,Inflation,Policy / Liquidity,752,1964-01-01,2026-08-01,2026-08-01,0.1221419005663561,59,-0.6445302563397753,0.3148701046186084,0.9594003609583838
PCE Price Index,Total Capacity Utilization,Inflation,External / Structural,656,1972-01-01,2026-08-01,2026-08-01,0.165549228269445,59,-0.42758558987654177,0.6166673617325484,1.0442529516090902
Core PCE Price Index,Producer Prices — Final Demand,Inflation,Inflation,142,2014-11-01,2026-08-01,2026-08-01,0.4240292429364204,59,0.3197745342203471,0.7277212910495027,0.4079467568291556
Core PCE Price Index,Producer Prices — All Commodities,Inflation,Inflation,752,1964-01-01,2026-08-01,2026-08-01,0.34042488926586195,59,-0.12822178410109172,0.7137283892870493,0.841950173388141
Core PCE Price Index,Commercial & Industrial Loans,Inflation,Credit,752,1964-01-01,2026-08-01,2026-08-01,0.30894977798709833,59,-0.6707310613061269,0.47498993553242175,1.1457209968385487
Core PCE Price Index,Consumer Credit,Inflation,Credit,752,1964-01-01,2026-08-01,2026-08-01,0.2593144696419648,59,-0.6590738113337269,0.5513069261209137,1.2103807374546407
Core PCE Price Index,Federal Funds Rate,Inflation,Policy / Liquidity,752,1964-01-01,2026-08-01,2026-08-01,0.31430690824211466,59,-0.3931519597911274,0.5790728575134405,0.9722248173045679
Core PCE Price Index,Total Bank Reserves,Inflation,Policy / Liquidity,752,1964-01-01,2026-08-01,2026-08-01,-0.14880992326479334,59,-0.7580397078476833,0.3304372287569689,1.088476936604652
Core PCE Price Index,M2 Money Supply,Inflation,Policy / Liquidity,752,1964-01-01,2026-08-01,2026-08-01,-0.00395352517518205,59,-0.7123582828221904,0.4189311133543435,1.131289396176534
Core PCE Price Index,Total Capacity Utilization,Inflation,External / Structural,656,1972-01-01,2026-08-01,2026-08-01,0.05731122070326662,59,-0.4643907473348966,0.6849940129514767,1.1493847602863734
Producer Prices — Final Demand,Producer Prices — All Commodities,Inflation,Inflation,142,2014-11-01,2026-08-01,2026-08-01,0.8320236311099624,60,0.6906870072090897,0.8567153477586076,0.16602834054951787
Producer Prices — Final Demand,Commercial & Industrial Loans,Inflation,Credit,142,2014-11-01,2026-08-01,2026-08-01,0.20161540520966661,60,-0.47004726628559784,0.20161540520966661,0.6716626714952645
Producer Prices — Final Demand,Consumer Credit,Inflation,Credit,142,2014-11-01,2026-08-01,2026-08-01,0.18258195570325456,59,-0.07093516661548573,0.40192005877750375,0.47285522539298946
Producer Prices — Final Demand,Federal Funds Rate,Inflation,Policy / Liquidity,142,2014-11-01,2026-08-01,2026-08-01,-0.07889784991971405,60,-0.17467134544667154,0.4570857211404306,0.6317570665871022
Producer Prices — Final Demand,Total Bank Reserves,Inflation,Policy / Liquidity,142,2014-11-01,2026-08-01,2026-08-01,-0.21214592248862466,59,-0.4859164147687609,0.3919767217462521,0.877893136515013
Producer Prices — Final Demand,M2 Money Supply,Inflation,Policy / Liquidity,142,2014-11-01,2026-08-01,2026-08-01,0.22778057818668446,59,-0.5046366689587272,0.41366462980100244,0.9183012987597297
Producer Prices — Final Demand,Total Capacity Utilization,Inflation,External / Structural,142,2014-11-01,2026-08-01,2026-08-01,0.3004699847696137,59,0.02346286221416123,0.5297000576104691,0.5062371953963078
Producer Prices — All Commodities,Commercial & Industrial Loans,Inflation,Credit,896,1952-01-01,2026-08-01,2026-08-01,0.20899505050386719,60,-0.670206960413763,0.5693434949070895,1.2395504553208525
Producer Prices — All Commodities,Consumer Credit,Inflation,Credit,944,1948-01-01,2026-08-01,2026-08-01,0.086751492001137,59,-0.29462725575343174,0.47256166913670017,0.7671889248901319
Producer Prices — All Commodities,Federal Funds Rate,Inflation,Policy / Liquidity,806,1959-07-01,2026-08-01,2026-08-01,-0.14225675079901848,60,-0.29142571447741816,0.7590801339998849,1.050505848477303
Producer Prices — All Commodities,Total Bank Reserves,Inflation,Policy / Liquidity,752,1964-01-01,2026-08-01,2026-08-01,-0.20225988281106747,59,-0.6901670397990587,0.34479304215558637,1.0349600819546452
Producer Prices — All Commodities,M2 Money Supply,Inflation,Policy / Liquidity,752,1964-01-01,2026-08-01,2026-08-01,0.2941943243877711,59,-0.6772920072266682,0.43829895062598007,1.1155909578526482
Producer Prices — All Commodities,Total Capacity Utilization,Inflation,External / Structural,656,1972-01-01,2026-08-01,2026-08-01,0.26936302109561616,59,-0.1867024015931889,0.7087311090362598,0.8954335106294486
Commercial & Industrial Loans,Consumer Credit,Credit,Credit,896,1952-01-01,2026-08-01,2026-08-01,0.32103952896499116,59,-0.6806438366152985,0.7066404443775085,1.387284280992807
Commercial & Industrial Loans,Federal Funds Rate,Credit,Policy / Liquidity,806,1959-07-01,2026-08-01,2026-08-01,0.33377296959729824,60,-0.7430573925131775,0.6366306246430876,1.379688017156265
Commercial & Industrial Loans,Total Bank Reserves,Credit,Policy / Liquidity,752,1964-01-01,2026-08-01,2026-08-01,-0.20825687391430686,59,-0.3596314976512201,0.8399207864114294,1.1995522840626496
Commercial & Industrial Loans,M2 Money Supply,Credit,Policy / Liquidity,752,1964-01-01,2026-08-01,2026-08-01,0.10814566035683948,59,-0.6290532734420314,0.9376135229860213,1.5666667964280527
Commercial & Industrial Loans,Total Capacity Utilization,Credit,External / Structural,656,1972-01-01,2026-08-01,2026-08-01,0.0897857103729965,59,-0.8938458359801118,0.4655594416393209,1.3594052776194328
Consumer Credit,Federal Funds Rate,Credit,Policy / Liquidity,806,1959-07-01,2026-08-01,2026-08-01,0.37396084769815063,59,-0.6668982417825652,0.6678085302341733,1.3347067720167385
Consumer Credit,Total Bank Reserves,Credit,Policy / Liquidity,752,1964-01-01,2026-08-01,2026-08-01,0.0016926382305984982,59,-0.73252168552575,0.3803384175212487,1.1128601030469987
Consumer Credit,M2 Money Supply,Credit,Policy / Liquidity,752,1964-01-01,2026-08-01,2026-08-01,-0.10936600369739573,59,-0.7954244596950195,0.3984274038611936,1.1938518635562132
Consumer Credit,Total Capacity Utilization,Credit,External / Structural,656,1972-01-01,2026-08-01,2026-08-01,-0.14895713502643604,59,-0.43974326718642415,0.5955095008169909,1.0352527680034151
Federal Funds Rate,Total Bank Reserves,Policy / Liquidity,Policy / Liquidity,752,1964-01-01,2026-08-01,2026-08-01,-0.04960162343778868,59,-0.9681850258551179,0.39173306457275336,1.3599180904278714
Federal Funds Rate,M2 Money Supply,Policy / Liquidity,Policy / Liquidity,752,1964-01-01,2026-08-01,2026-08-01,-0.476889739815825,59,-0.8413596013445065,0.3608034364402368,1.2021630377847434
Federal Funds Rate,Total Capacity Utilization,Policy / Liquidity,External / Structural,656,1972-01-01,2026-08-01,2026-08-01,-0.07426571134366658,59,-0.18644741237162316,0.6508895647573686,0.8373369771289918
Total Bank Reserves,M2 Money Supply,Policy / Liquidity,Policy / Liquidity,752,1964-01-01,2026-08-01,2026-08-01,-0.06052757096860171,59,-0.26968293025584916,0.8960010292703583,1.1656839595262074
Total Bank Reserves,Total Capacity Utilization,Policy / Liquidity,External / Structural,656,1972-01-01,2026-08-01,2026-08-01,0.08028696225054648,59,-0.8525739768206783,0.3269634343387073,1.1795374111593855
M2 Money Supply,Total Capacity Utilization,Policy / Liquidity,External / Structural,656,1972-01-01,2026-08-01,2026-08-01,0.18408528347979744,59,-0.9320116450272988,0.3556341444988148,1.2876457895261137
