series_id,name,category,raw_file,clean_file,file_exists,raw_rows,clean_rows,detected_date_column,detected_value_column,date_parse_success_rate,numeric_parse_success_rate,expected_frequency,inferred_frequency,first_date,last_date,valid_observations,raw_missing_count,clean_missing_count,missing_pct,leading_missing_count,trailing_missing_count,internal_missing_count,duplicate_dates,conflicting_duplicate_dates,largest_gap_days,median_gap_days,suspicious_gap_count,infinite_value_count,status,warning,error,source,notes,raw_candidates,identical_raw_copies,metadata_rows,metadata_preview,raw_columns,raw_dtypes,first_five_rows,last_five_rows,unnamed_columns,empty_columns,entirely_null_rows,duplicated_rows,invalid_date_count,missing_date_count,nonnumeric_value_count,extreme_numeric_count,conflicting_duplicate_date_count,originally_sorted,safe_empty_rows_removed,exact_duplicate_rows_removed,missing_value_rows_removed,retained_invalid_dates,possible_footer_rows,missing_values,total_rows,valid_values,number_of_suspicious_gaps,suspicious_gaps
INDPRO,Industrial Production Index,growth_activity,data\raw\growth_activity\INDPRO.csv,data\cleaned\INDPRO.csv,True,1291,1291,observation_date,INDPRO,1.0,1.0,monthly,monthly,1919-01-01,2026-07-01,1291,0,0,0.0,0,0,0,0,False,31.0,31.0,0,0,OK,,,FRED,Original FRED observations; no economic transformations.,"[""data\\INDPRO.csv"", ""data\\raw\\growth_activity\\INDPRO.csv""]",2,0,[],"[""observation_date"", ""INDPRO""]","{""observation_date"": ""str"", ""INDPRO"": ""str""}","[{""observation_date"":""1919-01-01"",""INDPRO"":""4.8739""},{""observation_date"":""1919-02-01"",""INDPRO"":""4.6585""},{""observation_date"":""1919-03-01"",""INDPRO"":""4.5238""},{""observation_date"":""1919-04-01"",""INDPRO"":""4.6046""},{""observation_date"":""1919-05-01"",""INDPRO"":""4.6315""}]","[{""observation_date"":""2026-03-01"",""INDPRO"":""101.7543""},{""observation_date"":""2026-04-01"",""INDPRO"":""102.5198""},{""observation_date"":""2026-05-01"",""INDPRO"":""102.5099""},{""observation_date"":""2026-06-01"",""INDPRO"":""102.7868""},{""observation_date"":""2026-07-01"",""INDPRO"":""102.9939""}]",[],[],0,0,0,0,0,0,0,True,0,0,0,0,0,0,1291,1291,0,[]
IPMAN,Industrial Production: Manufacturing,growth_activity,data\raw\growth_activity\IPMAN.csv,data\cleaned\IPMAN.csv,True,655,655,observation_date,IPMAN,1.0,1.0,monthly,monthly,1972-01-01,2026-07-01,655,0,0,0.0,0,0,0,0,False,31.0,31.0,0,0,OK,,,FRED,Original FRED observations; no economic transformations.,"[""data\\IPMAN.csv"", ""data\\raw\\growth_activity\\IPMAN.csv""]",2,0,[],"[""observation_date"", ""IPMAN""]","{""observation_date"": ""str"", ""IPMAN"": ""str""}","[{""observation_date"":""1972-01-01"",""IPMAN"":""36.0361""},{""observation_date"":""1972-02-01"",""IPMAN"":""36.3103""},{""observation_date"":""1972-03-01"",""IPMAN"":""36.5521""},{""observation_date"":""1972-04-01"",""IPMAN"":""36.9727""},{""observation_date"":""1972-05-01"",""IPMAN"":""37.0413""}]","[{""observation_date"":""2026-03-01"",""IPMAN"":""98.0678""},{""observation_date"":""2026-04-01"",""IPMAN"":""98.7618""},{""observation_date"":""2026-05-01"",""IPMAN"":""98.8119""},{""observation_date"":""2026-06-01"",""IPMAN"":""99.1524""},{""observation_date"":""2026-07-01"",""IPMAN"":""99.3140""}]",[],[],0,0,0,0,0,0,0,True,0,0,0,0,0,0,655,655,0,[]
PCEC96,Real Personal Consumption Expenditures,growth_activity,data\raw\growth_activity\PCEC96.csv,data\cleaned\PCEC96.csv,True,235,235,observation_date,PCEC96,1.0,1.0,monthly,monthly,2007-01-01,2026-07-01,235,0,0,0.0,0,0,0,0,False,31.0,31.0,0,0,OK,,,FRED,Original FRED observations; no economic transformations.,"[""data\\PCEC96.csv"", ""data\\raw\\growth_activity\\PCEC96.csv""]",2,0,[],"[""observation_date"", ""PCEC96""]","{""observation_date"": ""str"", ""PCEC96"": ""str""}","[{""observation_date"":""2007-01-01"",""PCEC96"":""11181.0""},{""observation_date"":""2007-02-01"",""PCEC96"":""11178.2""},{""observation_date"":""2007-03-01"",""PCEC96"":""11190.7""},{""observation_date"":""2007-04-01"",""PCEC96"":""11201.5""},{""observation_date"":""2007-05-01"",""PCEC96"":""11218.0""}]","[{""observation_date"":""2026-03-01"",""PCEC96"":""16730.1""},{""observation_date"":""2026-04-01"",""PCEC96"":""16763.5""},{""observation_date"":""2026-05-01"",""PCEC96"":""16825.5""},{""observation_date"":""2026-06-01"",""PCEC96"":""16900.0""},{""observation_date"":""2026-07-01"",""PCEC96"":""16901.3""}]",[],[],0,0,0,0,0,0,0,True,0,0,0,0,0,0,235,235,0,[]
W875RX1,Real Personal Income Excluding Current Transfer Receipts,growth_activity,data\raw\growth_activity\W875RX1.csv,data\cleaned\W875RX1.csv,True,811,811,observation_date,W875RX1,1.0,1.0,monthly,monthly,1959-01-01,2026-07-01,811,0,0,0.0,0,0,0,0,False,31.0,31.0,0,0,OK,,,FRED,Original FRED observations; no economic transformations.,"[""data\\raw\\growth_activity\\W875RX1.csv"", ""data\\W875RX1.csv""]",2,0,[],"[""observation_date"", ""W875RX1""]","{""observation_date"": ""str"", ""W875RX1"": ""str""}","[{""observation_date"":""1959-01-01"",""W875RX1"":""2426.0""},{""observation_date"":""1959-02-01"",""W875RX1"":""2434.8""},{""observation_date"":""1959-03-01"",""W875RX1"":""2452.7""},{""observation_date"":""1959-04-01"",""W875RX1"":""2470.0""},{""observation_date"":""1959-05-01"",""W875RX1"":""2486.4""}]","[{""observation_date"":""2026-03-01"",""W875RX1"":""16598.1""},{""observation_date"":""2026-04-01"",""W875RX1"":""16522.0""},{""observation_date"":""2026-05-01"",""W875RX1"":""16552.9""},{""observation_date"":""2026-06-01"",""W875RX1"":""16583.2""},{""observation_date"":""2026-07-01"",""W875RX1"":""16614.7""}]",[],[],0,0,0,0,0,0,0,True,0,0,0,0,0,0,811,811,0,[]
RPI,Real Personal Income,growth_activity,data\raw\growth_activity\RPI.csv,data\cleaned\RPI.csv,True,811,811,observation_date,RPI,1.0,1.0,monthly,monthly,1959-01-01,2026-07-01,811,0,0,0.0,0,0,0,0,False,31.0,31.0,0,0,OK,,,FRED,Original FRED observations; no economic transformations.,"[""data\\raw\\growth_activity\\RPI.csv"", ""data\\RPI.csv""]",2,0,[],"[""observation_date"", ""RPI""]","{""observation_date"": ""str"", ""RPI"": ""str""}","[{""observation_date"":""1959-01-01"",""RPI"":""2583.560""},{""observation_date"":""1959-02-01"",""RPI"":""2593.596""},{""observation_date"":""1959-03-01"",""RPI"":""2610.396""},{""observation_date"":""1959-04-01"",""RPI"":""2627.446""},{""observation_date"":""1959-05-01"",""RPI"":""2642.720""}]","[{""observation_date"":""2026-03-01"",""RPI"":""20505.570""},{""observation_date"":""2026-04-01"",""RPI"":""20440.510""},{""observation_date"":""2026-05-01"",""RPI"":""20483.483""},{""observation_date"":""2026-06-01"",""RPI"":""20539.266""},{""observation_date"":""2026-07-01"",""RPI"":""20594.712""}]",[],[],0,0,0,0,0,0,0,True,0,0,0,0,0,0,811,811,0,[]
RRSFS,Advance Real Retail and Food Services Sales,growth_activity,data\raw\growth_activity\RRSFS.csv,data\cleaned\RRSFS.csv,True,416,415,observation_date,RRSFS,1.0,1.0,monthly,monthly,1992-01-01,2026-08-01,415,1,0,0.0,0,0,0,0,False,61.0,31.0,1,0,WARNING,missing_value_rows_removed=1; Suspicious gaps=1,,FRED,Original FRED observations; no economic transformations.,"[""data\\raw\\growth_activity\\RRSFS.csv"", ""data\\RRSFS.csv""]",2,0,[],"[""observation_date"", ""RRSFS""]","{""observation_date"": ""str"", ""RRSFS"": ""str""}","[{""observation_date"":""1992-01-01"",""RRSFS"":""115095""},{""observation_date"":""1992-02-01"",""RRSFS"":""114855""},{""observation_date"":""1992-03-01"",""RRSFS"":""114052""},{""observation_date"":""1992-04-01"",""RRSFS"":""114721""},{""observation_date"":""1992-05-01"",""RRSFS"":""114868""}]","[{""observation_date"":""2026-04-01"",""RRSFS"":""228364""},{""observation_date"":""2026-05-01"",""RRSFS"":""229413""},{""observation_date"":""2026-06-01"",""RRSFS"":""231107""},{""observation_date"":""2026-07-01"",""RRSFS"":""229697""},{""observation_date"":""2026-08-01"",""RRSFS"":""231630""}]",[],[],0,0,0,0,0,0,0,True,0,0,1,0,0,0,415,415,1,"[{""from"": ""2025-09-01 00:00:00"", ""to"": ""2025-11-01 00:00:00"", ""days"": 61.0}]"
HOUST,Housing Starts,growth_activity,data\raw\growth_activity\HOUST.csv,data\cleaned\HOUST.csv,True,812,812,observation_date,HOUST,1.0,1.0,monthly,monthly,1959-01-01,2026-08-01,812,0,0,0.0,0,0,0,0,False,31.0,31.0,0,0,OK,,,FRED,Original FRED observations; no economic transformations.,"[""data\\HOUST.csv"", ""data\\raw\\growth_activity\\HOUST.csv""]",2,0,[],"[""observation_date"", ""HOUST""]","{""observation_date"": ""str"", ""HOUST"": ""str""}","[{""observation_date"":""1959-01-01"",""HOUST"":""1657""},{""observation_date"":""1959-02-01"",""HOUST"":""1667""},{""observation_date"":""1959-03-01"",""HOUST"":""1620""},{""observation_date"":""1959-04-01"",""HOUST"":""1590""},{""observation_date"":""1959-05-01"",""HOUST"":""1498""}]","[{""observation_date"":""2026-04-01"",""HOUST"":""1414""},{""observation_date"":""2026-05-01"",""HOUST"":""1182""},{""observation_date"":""2026-06-01"",""HOUST"":""1439""},{""observation_date"":""2026-07-01"",""HOUST"":""1309""},{""observation_date"":""2026-08-01"",""HOUST"":""1275""}]",[],[],0,0,0,0,0,0,0,True,0,0,0,0,0,0,812,812,0,[]
PERMIT,Building Permits,growth_activity,data\raw\growth_activity\PERMIT.csv,data\cleaned\PERMIT.csv,True,800,800,observation_date,PERMIT,1.0,1.0,monthly,monthly,1960-01-01,2026-08-01,800,0,0,0.0,0,0,0,0,False,31.0,31.0,0,0,OK,,,FRED,Original FRED observations; no economic transformations.,"[""data\\PERMIT.csv"", ""data\\raw\\growth_activity\\PERMIT.csv""]",2,0,[],"[""observation_date"", ""PERMIT""]","{""observation_date"": ""str"", ""PERMIT"": ""str""}","[{""observation_date"":""1960-01-01"",""PERMIT"":""1092""},{""observation_date"":""1960-02-01"",""PERMIT"":""1088""},{""observation_date"":""1960-03-01"",""PERMIT"":""955""},{""observation_date"":""1960-04-01"",""PERMIT"":""1016""},{""observation_date"":""1960-05-01"",""PERMIT"":""1052""}]","[{""observation_date"":""2026-04-01"",""PERMIT"":""1423""},{""observation_date"":""2026-05-01"",""PERMIT"":""1410""},{""observation_date"":""2026-06-01"",""PERMIT"":""1374""},{""observation_date"":""2026-07-01"",""PERMIT"":""1433""},{""observation_date"":""2026-08-01"",""PERMIT"":""1394""}]",[],[],0,0,0,0,0,0,0,True,0,0,0,0,0,0,800,800,0,[]
PAYEMS,All Employees: Total Nonfarm Payrolls,labor,data\raw\labor\PAYEMS.csv,data\cleaned\PAYEMS.csv,True,1052,1052,observation_date,PAYEMS,1.0,1.0,monthly,monthly,1939-01-01,2026-08-01,1052,0,0,0.0,0,0,0,0,False,31.0,31.0,0,0,OK,,,FRED,Original FRED observations; no economic transformations.,"[""data\\PAYEMS.csv"", ""data\\raw\\labor\\PAYEMS.csv""]",2,0,[],"[""observation_date"", ""PAYEMS""]","{""observation_date"": ""str"", ""PAYEMS"": ""str""}","[{""observation_date"":""1939-01-01"",""PAYEMS"":""29923""},{""observation_date"":""1939-02-01"",""PAYEMS"":""30100""},{""observation_date"":""1939-03-01"",""PAYEMS"":""30280""},{""observation_date"":""1939-04-01"",""PAYEMS"":""30094""},{""observation_date"":""1939-05-01"",""PAYEMS"":""30299""}]","[{""observation_date"":""2026-04-01"",""PAYEMS"":""158798""},{""observation_date"":""2026-05-01"",""PAYEMS"":""158861""},{""observation_date"":""2026-06-01"",""PAYEMS"":""158892""},{""observation_date"":""2026-07-01"",""PAYEMS"":""158913""},{""observation_date"":""2026-08-01"",""PAYEMS"":""159075""}]",[],[],0,0,0,0,0,0,0,True,0,0,0,0,0,0,1052,1052,0,[]
UNRATE,Unemployment Rate,labor,data\raw\labor\UNRATE.csv,data\cleaned\UNRATE.csv,True,944,943,observation_date,UNRATE,1.0,1.0,monthly,monthly,1948-01-01,2026-08-01,943,1,0,0.0,0,0,0,0,False,61.0,31.0,1,0,WARNING,missing_value_rows_removed=1; Suspicious gaps=1,,FRED,Original FRED observations; no economic transformations.,"[""data\\raw\\labor\\UNRATE.csv"", ""data\\UNRATE.csv""]",2,0,[],"[""observation_date"", ""UNRATE""]","{""observation_date"": ""str"", ""UNRATE"": ""str""}","[{""observation_date"":""1948-01-01"",""UNRATE"":""3.4""},{""observation_date"":""1948-02-01"",""UNRATE"":""3.8""},{""observation_date"":""1948-03-01"",""UNRATE"":""4.0""},{""observation_date"":""1948-04-01"",""UNRATE"":""3.9""},{""observation_date"":""1948-05-01"",""UNRATE"":""3.5""}]","[{""observation_date"":""2026-04-01"",""UNRATE"":""4.3""},{""observation_date"":""2026-05-01"",""UNRATE"":""4.3""},{""observation_date"":""2026-06-01"",""UNRATE"":""4.2""},{""observation_date"":""2026-07-01"",""UNRATE"":""4.1""},{""observation_date"":""2026-08-01"",""UNRATE"":""4.1""}]",[],[],0,0,0,0,0,0,0,True,0,0,1,0,0,0,943,943,1,"[{""from"": ""2025-09-01 00:00:00"", ""to"": ""2025-11-01 00:00:00"", ""days"": 61.0}]"
ICSA,Initial Claims,labor,data\raw\labor\ICSA.csv,data\cleaned\ICSA.csv,True,3115,3115,observation_date,ICSA,1.0,1.0,weekly,weekly,1967-01-07,2026-09-12,3115,0,0,0.0,0,0,0,0,False,7.0,7.0,0,0,OK,,,FRED,Original FRED observations; no economic transformations.,"[""data\\ICSA.csv"", ""data\\raw\\labor\\ICSA.csv""]",2,0,[],"[""observation_date"", ""ICSA""]","{""observation_date"": ""str"", ""ICSA"": ""str""}","[{""observation_date"":""1967-01-07"",""ICSA"":""208000""},{""observation_date"":""1967-01-14"",""ICSA"":""207000""},{""observation_date"":""1967-01-21"",""ICSA"":""217000""},{""observation_date"":""1967-01-28"",""ICSA"":""204000""},{""observation_date"":""1967-02-04"",""ICSA"":""216000""}]","[{""observation_date"":""2026-08-15"",""ICSA"":""207000""},{""observation_date"":""2026-08-22"",""ICSA"":""204000""},{""observation_date"":""2026-08-29"",""ICSA"":""207000""},{""observation_date"":""2026-09-05"",""ICSA"":""206000""},{""observation_date"":""2026-09-12"",""ICSA"":""196000""}]",[],[],0,0,0,0,0,0,0,True,0,0,0,0,0,0,3115,3115,0,[]
AWHAETP,Average Weekly Hours: Total Private,labor,data\raw\labor\AWHAETP.csv,data\cleaned\AWHAETP.csv,True,246,246,observation_date,AWHAETP,1.0,1.0,monthly,monthly,2006-03-01,2026-08-01,246,0,0,0.0,0,0,0,0,False,31.0,31.0,0,0,OK,,,FRED,Original FRED observations; no economic transformations.,"[""data\\AWHAETP.csv"", ""data\\raw\\labor\\AWHAETP.csv""]",2,0,[],"[""observation_date"", ""AWHAETP""]","{""observation_date"": ""str"", ""AWHAETP"": ""str""}","[{""observation_date"":""2006-03-01"",""AWHAETP"":""34.2""},{""observation_date"":""2006-04-01"",""AWHAETP"":""34.3""},{""observation_date"":""2006-05-01"",""AWHAETP"":""34.3""},{""observation_date"":""2006-06-01"",""AWHAETP"":""34.4""},{""observation_date"":""2006-07-01"",""AWHAETP"":""34.3""}]","[{""observation_date"":""2026-04-01"",""AWHAETP"":""34.3""},{""observation_date"":""2026-05-01"",""AWHAETP"":""34.3""},{""observation_date"":""2026-06-01"",""AWHAETP"":""34.3""},{""observation_date"":""2026-07-01"",""AWHAETP"":""34.3""},{""observation_date"":""2026-08-01"",""AWHAETP"":""34.4""}]",[],[],0,0,0,0,0,0,0,True,0,0,0,0,0,0,246,246,0,[]
AWHMAN,Average Weekly Hours: Manufacturing,labor,data\raw\labor\AWHMAN.csv,data\cleaned\AWHMAN.csv,True,1052,1052,observation_date,AWHMAN,1.0,1.0,monthly,monthly,1939-01-01,2026-08-01,1052,0,0,0.0,0,0,0,0,False,31.0,31.0,0,0,OK,,,FRED,Original FRED observations; no economic transformations.,"[""data\\AWHMAN.csv"", ""data\\raw\\labor\\AWHMAN.csv""]",2,0,[],"[""observation_date"", ""AWHMAN""]","{""observation_date"": ""str"", ""AWHMAN"": ""str""}","[{""observation_date"":""1939-01-01"",""AWHMAN"":""37.1""},{""observation_date"":""1939-02-01"",""AWHMAN"":""37.2""},{""observation_date"":""1939-03-01"",""AWHMAN"":""37.3""},{""observation_date"":""1939-04-01"",""AWHMAN"":""37.3""},{""observation_date"":""1939-05-01"",""AWHMAN"":""37.0""}]","[{""observation_date"":""2026-04-01"",""AWHMAN"":""41.6""},{""observation_date"":""2026-05-01"",""AWHMAN"":""41.6""},{""observation_date"":""2026-06-01"",""AWHMAN"":""41.7""},{""observation_date"":""2026-07-01"",""AWHMAN"":""41.7""},{""observation_date"":""2026-08-01"",""AWHMAN"":""41.7""}]",[],[],0,0,0,0,0,0,0,True,0,0,0,0,0,0,1052,1052,0,[]
JTSJOL,Job Openings: Total Nonfarm,labor,data\raw\labor\JTSJOL.csv,data\cleaned\JTSJOL.csv,True,308,308,observation_date,JTSJOL,1.0,1.0,monthly,monthly,2000-12-01,2026-07-01,308,0,0,0.0,0,0,0,0,False,31.0,31.0,0,0,OK,,,FRED,Original FRED observations; no economic transformations.,"[""data\\JTSJOL.csv"", ""data\\raw\\labor\\JTSJOL.csv""]",2,0,[],"[""observation_date"", ""JTSJOL""]","{""observation_date"": ""str"", ""JTSJOL"": ""str""}","[{""observation_date"":""2000-12-01"",""JTSJOL"":""5088""},{""observation_date"":""2001-01-01"",""JTSJOL"":""5234""},{""observation_date"":""2001-02-01"",""JTSJOL"":""5097""},{""observation_date"":""2001-03-01"",""JTSJOL"":""4762""},{""observation_date"":""2001-04-01"",""JTSJOL"":""4615""}]","[{""observation_date"":""2026-03-01"",""JTSJOL"":""6887""},{""observation_date"":""2026-04-01"",""JTSJOL"":""7585""},{""observation_date"":""2026-05-01"",""JTSJOL"":""7537""},{""observation_date"":""2026-06-01"",""JTSJOL"":""7182""},{""observation_date"":""2026-07-01"",""JTSJOL"":""7271""}]",[],[],0,0,0,0,0,0,0,True,0,0,0,0,0,0,308,308,0,[]
CIVPART,Labor Force Participation Rate,labor,data\raw\labor\CIVPART.csv,data\cleaned\CIVPART.csv,True,944,943,observation_date,CIVPART,1.0,1.0,monthly,monthly,1948-01-01,2026-08-01,943,1,0,0.0,0,0,0,0,False,61.0,31.0,1,0,WARNING,missing_value_rows_removed=1; Suspicious gaps=1,,FRED,Original FRED observations; no economic transformations.,"[""data\\CIVPART.csv"", ""data\\raw\\labor\\CIVPART.csv""]",2,0,[],"[""observation_date"", ""CIVPART""]","{""observation_date"": ""str"", ""CIVPART"": ""str""}","[{""observation_date"":""1948-01-01"",""CIVPART"":""58.6""},{""observation_date"":""1948-02-01"",""CIVPART"":""58.9""},{""observation_date"":""1948-03-01"",""CIVPART"":""58.5""},{""observation_date"":""1948-04-01"",""CIVPART"":""59.0""},{""observation_date"":""1948-05-01"",""CIVPART"":""58.3""}]","[{""observation_date"":""2026-04-01"",""CIVPART"":""61.8""},{""observation_date"":""2026-05-01"",""CIVPART"":""61.8""},{""observation_date"":""2026-06-01"",""CIVPART"":""61.5""},{""observation_date"":""2026-07-01"",""CIVPART"":""61.4""},{""observation_date"":""2026-08-01"",""CIVPART"":""61.6""}]",[],[],0,0,0,0,0,0,0,True,0,0,1,0,0,0,943,943,1,"[{""from"": ""2025-09-01 00:00:00"", ""to"": ""2025-11-01 00:00:00"", ""days"": 61.0}]"
CES0500000003,Average Hourly Earnings: Total Private,labor,data\raw\labor\CES0500000003.csv,data\cleaned\CES0500000003.csv,True,246,246,observation_date,CES0500000003,1.0,1.0,monthly,monthly,2006-03-01,2026-08-01,246,0,0,0.0,0,0,0,0,False,31.0,31.0,0,0,OK,,,FRED,Original FRED observations; no economic transformations.,"[""data\\CES0500000003.csv"", ""data\\raw\\labor\\CES0500000003.csv""]",2,0,[],"[""observation_date"", ""CES0500000003""]","{""observation_date"": ""str"", ""CES0500000003"": ""str""}","[{""observation_date"":""2006-03-01"",""CES0500000003"":""20.04""},{""observation_date"":""2006-04-01"",""CES0500000003"":""20.17""},{""observation_date"":""2006-05-01"",""CES0500000003"":""20.13""},{""observation_date"":""2006-06-01"",""CES0500000003"":""20.22""},{""observation_date"":""2006-07-01"",""CES0500000003"":""20.29""}]","[{""observation_date"":""2026-04-01"",""CES0500000003"":""37.41""},{""observation_date"":""2026-05-01"",""CES0500000003"":""37.49""},{""observation_date"":""2026-06-01"",""CES0500000003"":""37.59""},{""observation_date"":""2026-07-01"",""CES0500000003"":""37.65""},{""observation_date"":""2026-08-01"",""CES0500000003"":""37.75""}]",[],[],0,0,0,0,0,0,0,True,0,0,0,0,0,0,246,246,0,[]
CPIAUCSL,Consumer Price Index: All Urban Consumers,inflation,data\raw\inflation\CPIAUCSL.csv,data\cleaned\CPIAUCSL.csv,True,956,955,observation_date,CPIAUCSL,1.0,1.0,monthly,monthly,1947-01-01,2026-08-01,955,1,0,0.0,0,0,0,0,False,61.0,31.0,1,0,WARNING,missing_value_rows_removed=1; Suspicious gaps=1,,FRED,Original FRED observations; no economic transformations.,"[""data\\CPIAUCSL.csv"", ""data\\raw\\inflation\\CPIAUCSL.csv""]",2,0,[],"[""observation_date"", ""CPIAUCSL""]","{""observation_date"": ""str"", ""CPIAUCSL"": ""str""}","[{""observation_date"":""1947-01-01"",""CPIAUCSL"":""21.480""},{""observation_date"":""1947-02-01"",""CPIAUCSL"":""21.620""},{""observation_date"":""1947-03-01"",""CPIAUCSL"":""22.000""},{""observation_date"":""1947-04-01"",""CPIAUCSL"":""22.000""},{""observation_date"":""1947-05-01"",""CPIAUCSL"":""21.950""}]","[{""observation_date"":""2026-04-01"",""CPIAUCSL"":""332.407""},{""observation_date"":""2026-05-01"",""CPIAUCSL"":""333.979""},{""observation_date"":""2026-06-01"",""CPIAUCSL"":""332.568""},{""observation_date"":""2026-07-01"",""CPIAUCSL"":""332.813""},{""observation_date"":""2026-08-01"",""CPIAUCSL"":""334.131""}]",[],[],0,0,0,0,0,0,0,True,0,0,1,0,0,0,955,955,1,"[{""from"": ""2025-09-01 00:00:00"", ""to"": ""2025-11-01 00:00:00"", ""days"": 61.0}]"
CPILFESL,Core CPI,inflation,data\raw\inflation\CPILFESL.csv,data\cleaned\CPILFESL.csv,True,836,835,observation_date,CPILFESL,1.0,1.0,monthly,monthly,1957-01-01,2026-08-01,835,1,0,0.0,0,0,0,0,False,61.0,31.0,1,0,WARNING,missing_value_rows_removed=1; Suspicious gaps=1,,FRED,Original FRED observations; no economic transformations.,"[""data\\CPILFESL.csv"", ""data\\raw\\inflation\\CPILFESL.csv""]",2,0,[],"[""observation_date"", ""CPILFESL""]","{""observation_date"": ""str"", ""CPILFESL"": ""str""}","[{""observation_date"":""1957-01-01"",""CPILFESL"":""28.500""},{""observation_date"":""1957-02-01"",""CPILFESL"":""28.600""},{""observation_date"":""1957-03-01"",""CPILFESL"":""28.700""},{""observation_date"":""1957-04-01"",""CPILFESL"":""28.800""},{""observation_date"":""1957-05-01"",""CPILFESL"":""28.800""}]","[{""observation_date"":""2026-04-01"",""CPILFESL"":""335.423""},{""observation_date"":""2026-05-01"",""CPILFESL"":""336.121""},{""observation_date"":""2026-06-01"",""CPILFESL"":""336.065""},{""observation_date"":""2026-07-01"",""CPILFESL"":""336.789""},{""observation_date"":""2026-08-01"",""CPILFESL"":""337.765""}]",[],[],0,0,0,0,0,0,0,True,0,0,1,0,0,0,835,835,1,"[{""from"": ""2025-09-01 00:00:00"", ""to"": ""2025-11-01 00:00:00"", ""days"": 61.0}]"
PCEPI,PCE Price Index,inflation,data\raw\inflation\PCEPI.csv,data\cleaned\PCEPI.csv,True,811,811,observation_date,PCEPI,1.0,1.0,monthly,monthly,1959-01-01,2026-07-01,811,0,0,0.0,0,0,0,0,False,31.0,31.0,0,0,OK,,,FRED,Original FRED observations; no economic transformations.,"[""data\\PCEPI.csv"", ""data\\raw\\inflation\\PCEPI.csv""]",2,0,[],"[""observation_date"", ""PCEPI""]","{""observation_date"": ""str"", ""PCEPI"": ""str""}","[{""observation_date"":""1959-01-01"",""PCEPI"":""15.164""},{""observation_date"":""1959-02-01"",""PCEPI"":""15.179""},{""observation_date"":""1959-03-01"",""PCEPI"":""15.189""},{""observation_date"":""1959-04-01"",""PCEPI"":""15.219""},{""observation_date"":""1959-05-01"",""PCEPI"":""15.227""}]","[{""observation_date"":""2026-03-01"",""PCEPI"":""130.403""},{""observation_date"":""2026-04-01"",""PCEPI"":""130.946""},{""observation_date"":""2026-05-01"",""PCEPI"":""131.576""},{""observation_date"":""2026-06-01"",""PCEPI"":""131.454""},{""observation_date"":""2026-07-01"",""PCEPI"":""131.659""}]",[],[],0,0,0,0,0,0,0,True,0,0,0,0,0,0,811,811,0,[]
PCEPILFE,Core PCE Price Index,inflation,data\raw\inflation\PCEPILFE.csv,data\cleaned\PCEPILFE.csv,True,811,811,observation_date,PCEPILFE,1.0,1.0,monthly,monthly,1959-01-01,2026-07-01,811,0,0,0.0,0,0,0,0,False,31.0,31.0,0,0,OK,,,FRED,Original FRED observations; no economic transformations.,"[""data\\PCEPILFE.csv"", ""data\\raw\\inflation\\PCEPILFE.csv""]",2,0,[],"[""observation_date"", ""PCEPILFE""]","{""observation_date"": ""str"", ""PCEPILFE"": ""str""}","[{""observation_date"":""1959-01-01"",""PCEPILFE"":""15.501""},{""observation_date"":""1959-02-01"",""PCEPILFE"":""15.513""},{""observation_date"":""1959-03-01"",""PCEPILFE"":""15.531""},{""observation_date"":""1959-04-01"",""PCEPILFE"":""15.570""},{""observation_date"":""1959-05-01"",""PCEPILFE"":""15.589""}]","[{""observation_date"":""2026-03-01"",""PCEPILFE"":""129.343""},{""observation_date"":""2026-04-01"",""PCEPILFE"":""129.681""},{""observation_date"":""2026-05-01"",""PCEPILFE"":""130.147""},{""observation_date"":""2026-06-01"",""PCEPILFE"":""130.338""},{""observation_date"":""2026-07-01"",""PCEPILFE"":""130.658""}]",[],[],0,0,0,0,0,0,0,True,0,0,0,0,0,0,811,811,0,[]
PPIFID,Producer Price Index: Final Demand,inflation,data\raw\inflation\PPIFID.csv,data\cleaned\PPIFID.csv,True,202,202,observation_date,PPIFID,1.0,1.0,monthly,monthly,2009-11-01,2026-08-01,202,0,0,0.0,0,0,0,0,False,31.0,31.0,0,0,OK,,,FRED,Original FRED observations; no economic transformations.,"[""data\\PPIFID.csv"", ""data\\raw\\inflation\\PPIFID.csv""]",2,0,[],"[""observation_date"", ""PPIFID""]","{""observation_date"": ""str"", ""PPIFID"": ""str""}","[{""observation_date"":""2009-11-01"",""PPIFID"":""100.000""},{""observation_date"":""2009-12-01"",""PPIFID"":""99.900""},{""observation_date"":""2010-01-01"",""PPIFID"":""101.000""},{""observation_date"":""2010-02-01"",""PPIFID"":""100.900""},{""observation_date"":""2010-03-01"",""PPIFID"":""101.200""}]","[{""observation_date"":""2026-04-01"",""PPIFID"":""156.443""},{""observation_date"":""2026-05-01"",""PPIFID"":""157.209""},{""observation_date"":""2026-06-01"",""PPIFID"":""157.143""},{""observation_date"":""2026-07-01"",""PPIFID"":""157.155""},{""observation_date"":""2026-08-01"",""PPIFID"":""157.604""}]",[],[],0,0,0,0,0,0,0,True,0,0,0,0,0,0,202,202,0,[]
PPIACO,Producer Price Index: All Commodities,inflation,data\raw\inflation\PPIACO.csv,data\cleaned\PPIACO.csv,True,1364,1364,observation_date,PPIACO,1.0,1.0,monthly,monthly,1913-01-01,2026-08-01,1364,0,0,0.0,0,0,0,0,False,31.0,31.0,0,0,OK,,,FRED,Original FRED observations; no economic transformations.,"[""data\\PPIACO.csv"", ""data\\raw\\inflation\\PPIACO.csv""]",2,0,[],"[""observation_date"", ""PPIACO""]","{""observation_date"": ""str"", ""PPIACO"": ""str""}","[{""observation_date"":""1913-01-01"",""PPIACO"":""12.100""},{""observation_date"":""1913-02-01"",""PPIACO"":""12.000""},{""observation_date"":""1913-03-01"",""PPIACO"":""12.000""},{""observation_date"":""1913-04-01"",""PPIACO"":""12.000""},{""observation_date"":""1913-05-01"",""PPIACO"":""11.900""}]","[{""observation_date"":""2026-04-01"",""PPIACO"":""282.722""},{""observation_date"":""2026-05-01"",""PPIACO"":""290.200""},{""observation_date"":""2026-06-01"",""PPIACO"":""286.023""},{""observation_date"":""2026-07-01"",""PPIACO"":""285.181""},{""observation_date"":""2026-08-01"",""PPIACO"":""287.928""}]",[],[],0,0,0,0,0,0,0,True,0,0,0,0,0,0,1364,1364,0,[]
BUSLOANS,Commercial and Industrial Loans,credit,data\raw\credit\BUSLOANS.csv,data\cleaned\BUSLOANS.csv,True,956,956,observation_date,BUSLOANS,1.0,1.0,monthly,monthly,1947-01-01,2026-08-01,956,0,0,0.0,0,0,0,0,False,31.0,31.0,0,0,OK,,,FRED,Original FRED observations; no economic transformations.,"[""data\\BUSLOANS.csv"", ""data\\raw\\credit\\BUSLOANS.csv""]",2,0,[],"[""observation_date"", ""BUSLOANS""]","{""observation_date"": ""str"", ""BUSLOANS"": ""str""}","[{""observation_date"":""1947-01-01"",""BUSLOANS"":""11.2894""},{""observation_date"":""1947-02-01"",""BUSLOANS"":""11.5179""},{""observation_date"":""1947-03-01"",""BUSLOANS"":""11.7667""},{""observation_date"":""1947-04-01"",""BUSLOANS"":""12.0269""},{""observation_date"":""1947-05-01"",""BUSLOANS"":""12.2788""}]","[{""observation_date"":""2026-04-01"",""BUSLOANS"":""2859.6744""},{""observation_date"":""2026-05-01"",""BUSLOANS"":""2888.4482""},{""observation_date"":""2026-06-01"",""BUSLOANS"":""2905.3353""},{""observation_date"":""2026-07-01"",""BUSLOANS"":""2899.4980""},{""observation_date"":""2026-08-01"",""BUSLOANS"":""2944.9953""}]",[],[],0,0,0,0,0,0,0,True,0,0,0,0,0,0,956,956,0,[]
TOTALSL,Total Consumer Credit Owned and Securitized,credit,data\raw\credit\TOTALSL.csv,data\cleaned\TOTALSL.csv,True,1003,1003,observation_date,TOTALSL,1.0,1.0,monthly,monthly,1943-01-01,2026-07-01,1003,0,0,0.0,0,0,0,0,False,31.0,31.0,0,0,OK,,,FRED,Original FRED observations; no economic transformations.,"[""data\\raw\\credit\\TOTALSL.csv"", ""data\\TOTALSL.csv""]",2,0,[],"[""observation_date"", ""TOTALSL""]","{""observation_date"": ""str"", ""TOTALSL"": ""str""}","[{""observation_date"":""1943-01-01"",""TOTALSL"":""6577.8300000000""},{""observation_date"":""1943-02-01"",""TOTALSL"":""6463.0400000000""},{""observation_date"":""1943-03-01"",""TOTALSL"":""6234.2100000000""},{""observation_date"":""1943-04-01"",""TOTALSL"":""6125.7500000000""},{""observation_date"":""1943-05-01"",""TOTALSL"":""5936.2600000000""}]","[{""observation_date"":""2026-03-01"",""TOTALSL"":""5131428.7999999998""},{""observation_date"":""2026-04-01"",""TOTALSL"":""5151608.4900000002""},{""observation_date"":""2026-05-01"",""TOTALSL"":""5153586.6399999997""},{""observation_date"":""2026-06-01"",""TOTALSL"":""5168141.7100000000""},{""observation_date"":""2026-07-01"",""TOTALSL"":""5186204.0700000003""}]",[],[],0,0,0,0,0,0,0,True,0,0,0,0,0,0,1003,1003,0,[]
DRTSCILM,SLOOS: Banks Tightening C&I Lending Standards,credit,data\raw\credit\DRTSCILM.csv,data\cleaned\DRTSCILM.csv,True,146,146,observation_date,DRTSCILM,1.0,1.0,quarterly,quarterly,1990-04-01,2026-07-01,146,0,0,0.0,0,0,0,0,False,92.0,91.0,0,0,OK,,,FRED,Original FRED observations; no economic transformations.,"[""data\\DRTSCILM.csv"", ""data\\raw\\credit\\DRTSCILM.csv""]",2,0,[],"[""observation_date"", ""DRTSCILM""]","{""observation_date"": ""str"", ""DRTSCILM"": ""str""}","[{""observation_date"":""1990-04-01"",""DRTSCILM"":""54.4""},{""observation_date"":""1990-07-01"",""DRTSCILM"":""46.7""},{""observation_date"":""1990-10-01"",""DRTSCILM"":""54.2""},{""observation_date"":""1991-01-01"",""DRTSCILM"":""38.6""},{""observation_date"":""1991-04-01"",""DRTSCILM"":""20.0""}]","[{""observation_date"":""2025-07-01"",""DRTSCILM"":""9.5""},{""observation_date"":""2025-10-01"",""DRTSCILM"":""6.5""},{""observation_date"":""2026-01-01"",""DRTSCILM"":""5.3""},{""observation_date"":""2026-04-01"",""DRTSCILM"":""8.1""},{""observation_date"":""2026-07-01"",""DRTSCILM"":""0.0""}]",[],[],0,0,0,0,0,0,0,True,0,0,0,0,0,0,146,146,0,[]
DRSDCILM,SLOOS: Stronger Demand for C&I Loans,credit,data\raw\credit\DRSDCILM.csv,data\cleaned\DRSDCILM.csv,True,140,140,observation_date,DRSDCILM,1.0,1.0,quarterly,quarterly,1991-10-01,2026-07-01,140,0,0,0.0,0,0,0,0,False,92.0,91.0,0,0,OK,,,FRED,Original FRED observations; no economic transformations.,"[""data\\DRSDCILM.csv"", ""data\\raw\\credit\\DRSDCILM.csv""]",2,0,[],"[""observation_date"", ""DRSDCILM""]","{""observation_date"": ""str"", ""DRSDCILM"": ""str""}","[{""observation_date"":""1991-10-01"",""DRSDCILM"":""-33.3""},{""observation_date"":""1992-01-01"",""DRSDCILM"":""-30.0""},{""observation_date"":""1992-04-01"",""DRSDCILM"":""14.0""},{""observation_date"":""1992-07-01"",""DRSDCILM"":""-8.5""},{""observation_date"":""1992-10-01"",""DRSDCILM"":""10.3""}]","[{""observation_date"":""2025-07-01"",""DRSDCILM"":""-28.6""},{""observation_date"":""2025-10-01"",""DRSDCILM"":""11.5""},{""observation_date"":""2026-01-01"",""DRSDCILM"":""16.1""},{""observation_date"":""2026-04-01"",""DRSDCILM"":""4.8""},{""observation_date"":""2026-07-01"",""DRSDCILM"":""16.1""}]",[],[],0,0,0,0,0,0,0,True,0,0,0,0,0,0,140,140,0,[]
DRBLACBS,Delinquency Rate on Business Loans,credit,data\raw\credit\DRBLACBS.csv,data\cleaned\DRBLACBS.csv,True,158,158,observation_date,DRBLACBS,1.0,1.0,quarterly,quarterly,1987-01-01,2026-04-01,158,0,0,0.0,0,0,0,0,False,92.0,91.0,0,0,OK,,,FRED,Original FRED observations; no economic transformations.,"[""data\\DRBLACBS.csv"", ""data\\raw\\credit\\DRBLACBS.csv""]",2,0,[],"[""observation_date"", ""DRBLACBS""]","{""observation_date"": ""str"", ""DRBLACBS"": ""str""}","[{""observation_date"":""1987-01-01"",""DRBLACBS"":""6.75""},{""observation_date"":""1987-04-01"",""DRBLACBS"":""6.75""},{""observation_date"":""1987-07-01"",""DRBLACBS"":""6.40""},{""observation_date"":""1987-10-01"",""DRBLACBS"":""6.23""},{""observation_date"":""1988-01-01"",""DRBLACBS"":""5.85""}]","[{""observation_date"":""2025-04-01"",""DRBLACBS"":""1.29""},{""observation_date"":""2025-07-01"",""DRBLACBS"":""1.33""},{""observation_date"":""2025-10-01"",""DRBLACBS"":""1.34""},{""observation_date"":""2026-01-01"",""DRBLACBS"":""1.33""},{""observation_date"":""2026-04-01"",""DRBLACBS"":""1.27""}]",[],[],0,0,0,0,0,0,0,True,0,0,0,0,0,0,158,158,0,[]
FEDFUNDS,Federal Funds Effective Rate,policy_liquidity,data\raw\policy_liquidity\FEDFUNDS.csv,data\cleaned\FEDFUNDS.csv,True,866,866,observation_date,FEDFUNDS,1.0,1.0,monthly,monthly,1954-07-01,2026-08-01,866,0,0,0.0,0,0,0,0,False,31.0,31.0,0,0,OK,,,FRED,Original FRED observations; no economic transformations.,"[""data\\FEDFUNDS.csv"", ""data\\raw\\policy_liquidity\\FEDFUNDS.csv""]",2,0,[],"[""observation_date"", ""FEDFUNDS""]","{""observation_date"": ""str"", ""FEDFUNDS"": ""str""}","[{""observation_date"":""1954-07-01"",""FEDFUNDS"":""0.80""},{""observation_date"":""1954-08-01"",""FEDFUNDS"":""1.22""},{""observation_date"":""1954-09-01"",""FEDFUNDS"":""1.07""},{""observation_date"":""1954-10-01"",""FEDFUNDS"":""0.85""},{""observation_date"":""1954-11-01"",""FEDFUNDS"":""0.83""}]","[{""observation_date"":""2026-04-01"",""FEDFUNDS"":""3.64""},{""observation_date"":""2026-05-01"",""FEDFUNDS"":""3.63""},{""observation_date"":""2026-06-01"",""FEDFUNDS"":""3.63""},{""observation_date"":""2026-07-01"",""FEDFUNDS"":""3.63""},{""observation_date"":""2026-08-01"",""FEDFUNDS"":""3.63""}]",[],[],0,0,0,0,0,0,0,True,0,0,0,0,0,0,866,866,0,[]
TOTRESNS,Reserves of Depository Institutions: Total,policy_liquidity,data\raw\policy_liquidity\TOTRESNS.csv,data\cleaned\TOTRESNS.csv,True,811,811,observation_date,TOTRESNS,1.0,1.0,monthly,monthly,1959-01-01,2026-07-01,811,0,0,0.0,0,0,0,0,False,31.0,31.0,0,0,OK,,,FRED,Original FRED observations; no economic transformations.,"[""data\\raw\\policy_liquidity\\TOTRESNS.csv"", ""data\\TOTRESNS.csv""]",2,0,[],"[""observation_date"", ""TOTRESNS""]","{""observation_date"": ""str"", ""TOTRESNS"": ""str""}","[{""observation_date"":""1959-01-01"",""TOTRESNS"":""18.9""},{""observation_date"":""1959-02-01"",""TOTRESNS"":""18.6""},{""observation_date"":""1959-03-01"",""TOTRESNS"":""18.4""},{""observation_date"":""1959-04-01"",""TOTRESNS"":""18.7""},{""observation_date"":""1959-05-01"",""TOTRESNS"":""18.6""}]","[{""observation_date"":""2026-03-01"",""TOTRESNS"":""3016.1""},{""observation_date"":""2026-04-01"",""TOTRESNS"":""3018.1""},{""observation_date"":""2026-05-01"",""TOTRESNS"":""3078.8""},{""observation_date"":""2026-06-01"",""TOTRESNS"":""3018.8""},{""observation_date"":""2026-07-01"",""TOTRESNS"":""3051.5""}]",[],[],0,0,0,0,0,0,0,True,0,0,0,0,0,0,811,811,0,[]
WRESBAL,Reserve Balances with Federal Reserve Banks,policy_liquidity,data\raw\policy_liquidity\WRESBAL.csv,data\cleaned\WRESBAL.csv,True,1239,1239,observation_date,WRESBAL,1.0,1.0,weekly,weekly,2002-12-18,2026-09-09,1239,0,0,0.0,0,0,0,0,False,7.0,7.0,0,0,OK,,,FRED,Original FRED observations; no economic transformations.,"[""data\\raw\\policy_liquidity\\WRESBAL.csv"", ""data\\WRESBAL.csv""]",2,0,[],"[""observation_date"", ""WRESBAL""]","{""observation_date"": ""str"", ""WRESBAL"": ""str""}","[{""observation_date"":""2002-12-18"",""WRESBAL"":""9028""},{""observation_date"":""2002-12-25"",""WRESBAL"":""11876""},{""observation_date"":""2003-01-01"",""WRESBAL"":""10667""},{""observation_date"":""2003-01-08"",""WRESBAL"":""7859""},{""observation_date"":""2003-01-15"",""WRESBAL"":""9606""}]","[{""observation_date"":""2026-08-12"",""WRESBAL"":""2944059""},{""observation_date"":""2026-08-19"",""WRESBAL"":""2935287""},{""observation_date"":""2026-08-26"",""WRESBAL"":""2924936""},{""observation_date"":""2026-09-02"",""WRESBAL"":""2894531""},{""observation_date"":""2026-09-09"",""WRESBAL"":""2991310""}]",[],[],0,0,0,0,0,0,0,True,0,0,0,0,0,0,1239,1239,0,[]
WALCL,Federal Reserve Total Assets,policy_liquidity,data\raw\policy_liquidity\WALCL.csv,data\cleaned\WALCL.csv,True,1239,1239,observation_date,WALCL,1.0,1.0,weekly,weekly,2002-12-18,2026-09-09,1239,0,0,0.0,0,0,0,0,False,7.0,7.0,0,0,OK,,,FRED,Original FRED observations; no economic transformations.,"[""data\\raw\\policy_liquidity\\WALCL.csv"", ""data\\WALCL.csv""]",2,0,[],"[""observation_date"", ""WALCL""]","{""observation_date"": ""str"", ""WALCL"": ""str""}","[{""observation_date"":""2002-12-18"",""WALCL"":""719542""},{""observation_date"":""2002-12-25"",""WALCL"":""732059""},{""observation_date"":""2003-01-01"",""WALCL"":""730994""},{""observation_date"":""2003-01-08"",""WALCL"":""723762""},{""observation_date"":""2003-01-15"",""WALCL"":""720074""}]","[{""observation_date"":""2026-08-12"",""WALCL"":""6759955""},{""observation_date"":""2026-08-19"",""WALCL"":""6745699""},{""observation_date"":""2026-08-26"",""WALCL"":""6730912""},{""observation_date"":""2026-09-02"",""WALCL"":""6737204""},{""observation_date"":""2026-09-09"",""WALCL"":""6740619""}]",[],[],0,0,0,0,0,0,0,True,0,0,0,0,0,0,1239,1239,0,[]
M2SL,M2 Money Stock,policy_liquidity,data\raw\policy_liquidity\M2SL.csv,data\cleaned\M2SL.csv,True,811,811,observation_date,M2SL,1.0,1.0,monthly,monthly,1959-01-01,2026-07-01,811,0,0,0.0,0,0,0,0,False,31.0,31.0,0,0,OK,,,FRED,Original FRED observations; no economic transformations.,"[""data\\M2SL.csv"", ""data\\raw\\policy_liquidity\\M2SL.csv""]",2,0,[],"[""observation_date"", ""M2SL""]","{""observation_date"": ""str"", ""M2SL"": ""str""}","[{""observation_date"":""1959-01-01"",""M2SL"":""286.6""},{""observation_date"":""1959-02-01"",""M2SL"":""287.7""},{""observation_date"":""1959-03-01"",""M2SL"":""289.2""},{""observation_date"":""1959-04-01"",""M2SL"":""290.1""},{""observation_date"":""1959-05-01"",""M2SL"":""292.2""}]","[{""observation_date"":""2026-03-01"",""M2SL"":""22640.4""},{""observation_date"":""2026-04-01"",""M2SL"":""22756.7""},{""observation_date"":""2026-05-01"",""M2SL"":""23013.9""},{""observation_date"":""2026-06-01"",""M2SL"":""23115.2""},{""observation_date"":""2026-07-01"",""M2SL"":""23218.0""}]",[],[],0,0,0,0,0,0,0,True,0,0,0,0,0,0,811,811,0,[]
EXPGSC1,Real Exports of Goods and Services,external_structural,data\raw\external_structural\EXPGSC1.csv,data\cleaned\EXPGSC1.csv,True,318,318,observation_date,EXPGSC1,1.0,1.0,quarterly,quarterly,1947-01-01,2026-04-01,318,0,0,0.0,0,0,0,0,False,92.0,91.0,0,0,OK,,,FRED,Original FRED observations; no economic transformations.,"[""data\\EXPGSC1.csv"", ""data\\raw\\external_structural\\EXPGSC1.csv""]",2,0,[],"[""observation_date"", ""EXPGSC1""]","{""observation_date"": ""str"", ""EXPGSC1"": ""str""}","[{""observation_date"":""1947-01-01"",""EXPGSC1"":""93.767""},{""observation_date"":""1947-04-01"",""EXPGSC1"":""92.584""},{""observation_date"":""1947-07-01"",""EXPGSC1"":""87.885""},{""observation_date"":""1947-10-01"",""EXPGSC1"":""77.928""},{""observation_date"":""1948-01-01"",""EXPGSC1"":""74.373""}]","[{""observation_date"":""2025-04-01"",""EXPGSC1"":""2647.279""},{""observation_date"":""2025-07-01"",""EXPGSC1"":""2708.774""},{""observation_date"":""2025-10-01"",""EXPGSC1"":""2686.754""},{""observation_date"":""2026-01-01"",""EXPGSC1"":""2756.983""},{""observation_date"":""2026-04-01"",""EXPGSC1"":""2787.519""}]",[],[],0,0,0,0,0,0,0,True,0,0,0,0,0,0,318,318,0,[]
IMPGSC1,Real Imports of Goods and Services,external_structural,data\raw\external_structural\IMPGSC1.csv,data\cleaned\IMPGSC1.csv,True,318,318,observation_date,IMPGSC1,1.0,1.0,quarterly,quarterly,1947-01-01,2026-04-01,318,0,0,0.0,0,0,0,0,False,92.0,91.0,0,0,OK,,,FRED,Original FRED observations; no economic transformations.,"[""data\\IMPGSC1.csv"", ""data\\raw\\external_structural\\IMPGSC1.csv""]",2,0,[],"[""observation_date"", ""IMPGSC1""]","{""observation_date"": ""str"", ""IMPGSC1"": ""str""}","[{""observation_date"":""1947-01-01"",""IMPGSC1"":""53.861""},{""observation_date"":""1947-04-01"",""IMPGSC1"":""54.898""},{""observation_date"":""1947-07-01"",""IMPGSC1"":""48.687""},{""observation_date"":""1947-10-01"",""IMPGSC1"":""51.312""},{""observation_date"":""1948-01-01"",""IMPGSC1"":""57.862""}]","[{""observation_date"":""2025-04-01"",""IMPGSC1"":""3705.316""},{""observation_date"":""2025-07-01"",""IMPGSC1"":""3664.266""},{""observation_date"":""2025-10-01"",""IMPGSC1"":""3655.411""},{""observation_date"":""2026-01-01"",""IMPGSC1"":""3758.804""},{""observation_date"":""2026-04-01"",""IMPGSC1"":""3871.231""}]",[],[],0,0,0,0,0,0,0,True,0,0,0,0,0,0,318,318,0,[]
OPHNFB,Nonfarm Business Sector Labor Productivity,external_structural,data\raw\external_structural\OPHNFB.csv,data\cleaned\OPHNFB.csv,True,318,318,observation_date,OPHNFB,1.0,1.0,quarterly,quarterly,1947-01-01,2026-04-01,318,0,0,0.0,0,0,0,0,False,92.0,91.0,0,0,OK,,,FRED,Original FRED observations; no economic transformations.,"[""data\\OPHNFB.csv"", ""data\\raw\\external_structural\\OPHNFB.csv""]",2,0,[],"[""observation_date"", ""OPHNFB""]","{""observation_date"": ""str"", ""OPHNFB"": ""str""}","[{""observation_date"":""1947-01-01"",""OPHNFB"":""22.256""},{""observation_date"":""1947-04-01"",""OPHNFB"":""22.762""},{""observation_date"":""1947-07-01"",""OPHNFB"":""22.065""},{""observation_date"":""1947-10-01"",""OPHNFB"":""22.993""},{""observation_date"":""1948-01-01"",""OPHNFB"":""23.097""}]","[{""observation_date"":""2025-04-01"",""OPHNFB"":""117.385""},{""observation_date"":""2025-07-01"",""OPHNFB"":""118.884""},{""observation_date"":""2025-10-01"",""OPHNFB"":""119.350""},{""observation_date"":""2026-01-01"",""OPHNFB"":""119.594""},{""observation_date"":""2026-04-01"",""OPHNFB"":""120.017""}]",[],[],0,0,0,0,0,0,0,True,0,0,0,0,0,0,318,318,0,[]
TCU,Capacity Utilization: Total Industry,external_structural,data\raw\external_structural\TCU.csv,data\cleaned\TCU.csv,True,715,715,observation_date,TCU,1.0,1.0,monthly,monthly,1967-01-01,2026-07-01,715,0,0,0.0,0,0,0,0,False,31.0,31.0,0,0,OK,,,FRED,Original FRED observations; no economic transformations.,"[""data\\raw\\external_structural\\TCU.csv"", ""data\\TCU.csv""]",2,0,[],"[""observation_date"", ""TCU""]","{""observation_date"": ""str"", ""TCU"": ""str""}","[{""observation_date"":""1967-01-01"",""TCU"":""89.3902""},{""observation_date"":""1967-02-01"",""TCU"":""87.9750""},{""observation_date"":""1967-03-01"",""TCU"":""87.0835""},{""observation_date"":""1967-04-01"",""TCU"":""87.5089""},{""observation_date"":""1967-05-01"",""TCU"":""86.3566""}]","[{""observation_date"":""2026-03-01"",""TCU"":""75.6332""},{""observation_date"":""2026-04-01"",""TCU"":""76.1369""},{""observation_date"":""2026-05-01"",""TCU"":""76.0642""},{""observation_date"":""2026-06-01"",""TCU"":""76.2029""},{""observation_date"":""2026-07-01"",""TCU"":""76.2878""}]",[],[],0,0,0,0,0,0,0,True,0,0,0,0,0,0,715,715,0,[]
