path,series_id,kind,sha256,first_record,csv_records,error
data\AWHAETP.csv,AWHAETP,expected,8aecb176e6547d3e2143c8ce48401b08624caafe447f6beef9bc4564990f3af2,"[""observation_date"", ""AWHAETP""]",247,
data\AWHMAN.csv,AWHMAN,expected,f8bca392429bfdffb682eb4b222a56158e1016faea5e6d9d0e506a986b100a68,"[""observation_date"", ""AWHMAN""]",1053,
data\BUSLOANS.csv,BUSLOANS,expected,5ca0fd06cddfa00b0c4c0bbf150da616d9d54506eb46af8d88cb94d25e2975f9,"[""observation_date"", ""BUSLOANS""]",957,
data\CES0500000003.csv,CES0500000003,expected,c602b6f2be66970cf4d06fa376fd761ae6211e93c06bfe4ea337625a080d21e8,"[""observation_date"", ""CES0500000003""]",247,
data\CIVPART.csv,CIVPART,expected,1049ded2ce03ab114da6055c5783975eaf1adbd7b2d37770b5e661002f82c6e6,"[""observation_date"", ""CIVPART""]",945,
data\CPIAUCSL.csv,CPIAUCSL,expected,f8ecddf53a9a9a74dda92c2c4204e6039466fcb744bc74171b73b5f6aac48119,"[""observation_date"", ""CPIAUCSL""]",957,
data\CPILFESL.csv,CPILFESL,expected,cec76bf4c38dc062c63ccd3b576c21a54709ae3e3bf73ddbccb44e04384c559a,"[""observation_date"", ""CPILFESL""]",837,
data\DRBLACBS.csv,DRBLACBS,expected,8f32ed3d2240aef7f1a9e6aece0dce9141bcf821ce11a4e76ca63e14822fe739,"[""observation_date"", ""DRBLACBS""]",159,
data\DRSDCILM.csv,DRSDCILM,expected,f6fa715ce9bb99a2c87eb30b6b98c600c65e69d942a903ab3532dde3421756b9,"[""observation_date"", ""DRSDCILM""]",141,
data\DRTSCILM.csv,DRTSCILM,expected,a0d726001c73c410a6b5bc4af98edb4595bd9bd2cd23c70d25f0ee0c018bcdad,"[""observation_date"", ""DRTSCILM""]",147,
data\EXPGSC1.csv,EXPGSC1,expected,9304afc72c9e55443d8732678c361415ba45fdd7c0e4e58b3dcce6390de5ac77,"[""observation_date"", ""EXPGSC1""]",319,
data\FEDFUNDS.csv,FEDFUNDS,expected,4c3a0f601abf9db0a8298f9e972ae6627876c4232cda79b0bc43d3230aa0450d,"[""observation_date"", ""FEDFUNDS""]",867,
data\HOUST.csv,HOUST,expected,d531fdc59678e34d58c9b885d77714e8da6e442b4da21935341a54eda575fc4d,"[""observation_date"", ""HOUST""]",813,
data\ICSA.csv,ICSA,expected,8a17e65deb9d7c16245f36373d6bc2c1d1dd7221e4cf82af179d1394a2c5d3d0,"[""observation_date"", ""ICSA""]",3116,
data\IMPGSC1.csv,IMPGSC1,expected,6e1563b88de6989cff390e3347b7ba2a96c95a49ff327853a45774d495134ff2,"[""observation_date"", ""IMPGSC1""]",319,
data\INDPRO.csv,INDPRO,expected,e9668b9b92c9ea1904162e580d0e3e32e05f84efb213563ded6c322042b5ad22,"[""observation_date"", ""INDPRO""]",1292,
data\IPMAN.csv,IPMAN,expected,b8bbe62de9d8f3ad4989124bd01a14802ebe16729eeabafa1af5686e39f3697e,"[""observation_date"", ""IPMAN""]",656,
data\JTSJOL.csv,JTSJOL,expected,24faecd7df1821e1df572c3f778e3fc11730b59aea9e38daf77c8f7a66fd950c,"[""observation_date"", ""JTSJOL""]",309,
data\M2SL.csv,M2SL,expected,7a6e79e6f5d9ded0f53abe7907677f4f73a29ddd731022239ddc19b34b670c45,"[""observation_date"", ""M2SL""]",812,
data\OPHNFB.csv,OPHNFB,expected,d42ef61a91b622bbe47aeba137a411221da8d75b178617ab6d819eb2ebe96f0f,"[""observation_date"", ""OPHNFB""]",319,
data\PAYEMS.csv,PAYEMS,expected,bf5b48d21b9a84a0be71ece7268fad0cccb943cc89d863fdc01490bece8ab020,"[""observation_date"", ""PAYEMS""]",1053,
data\PCEC96.csv,PCEC96,expected,fe4d77f0da74c46555ce29fcad1fb122a14f02071fef3928cb45770680894aab,"[""observation_date"", ""PCEC96""]",236,
data\PCEPI.csv,PCEPI,expected,02580549b5894c8d530e35a5ab9a23a15a64d94d6f37b8a077d23c3a66fafcb8,"[""observation_date"", ""PCEPI""]",812,
data\PCEPILFE.csv,PCEPILFE,expected,c6ea113f08aeccebc272be12abacd286b6641a85ac89d1c3e147c2cd70ce3357,"[""observation_date"", ""PCEPILFE""]",812,
data\PERMIT.csv,PERMIT,expected,e9020eb8a5a21bb8f71ef6c92f65df01be46c5f89f3a8e7694bbce572c725011,"[""observation_date"", ""PERMIT""]",801,
data\PPIACO.csv,PPIACO,expected,cd2fc9530ed3a4f7e4d4e8425ea3ec33203d7b04891a0606c793a5a4d66ef65d,"[""observation_date"", ""PPIACO""]",1365,
data\PPIFID.csv,PPIFID,expected,c2e615005f3d757c6037dce0821992b2d0029224142c479d5e8585d87f2c97ca,"[""observation_date"", ""PPIFID""]",203,
data\raw\credit\BUSLOANS.csv,BUSLOANS,expected,5ca0fd06cddfa00b0c4c0bbf150da616d9d54506eb46af8d88cb94d25e2975f9,"[""observation_date"", ""BUSLOANS""]",957,
data\raw\credit\DRBLACBS.csv,DRBLACBS,expected,8f32ed3d2240aef7f1a9e6aece0dce9141bcf821ce11a4e76ca63e14822fe739,"[""observation_date"", ""DRBLACBS""]",159,
data\raw\credit\DRSDCILM.csv,DRSDCILM,expected,f6fa715ce9bb99a2c87eb30b6b98c600c65e69d942a903ab3532dde3421756b9,"[""observation_date"", ""DRSDCILM""]",141,
data\raw\credit\DRTSCILM.csv,DRTSCILM,expected,a0d726001c73c410a6b5bc4af98edb4595bd9bd2cd23c70d25f0ee0c018bcdad,"[""observation_date"", ""DRTSCILM""]",147,
data\raw\credit\TOTALSL.csv,TOTALSL,expected,e625da30d03cb00490c39fbb8141906c95e20d814eef51a47a211519cb376d05,"[""observation_date"", ""TOTALSL""]",1004,
data\raw\download_audit.csv,download_audit,unexpected,8bd898c3dd9cc70c6bc73dbc978f42c57b0d9b5d7b179e7bac525ce3d2c6dba9,"[""series_id"", ""name"", ""category"", ""expected_frequency"", ""first_date"", ""last_date"", ""observations"", ""missing_values"", ""download_status""]",37,
data\raw\external_structural\EXPGSC1.csv,EXPGSC1,expected,9304afc72c9e55443d8732678c361415ba45fdd7c0e4e58b3dcce6390de5ac77,"[""observation_date"", ""EXPGSC1""]",319,
data\raw\external_structural\IMPGSC1.csv,IMPGSC1,expected,6e1563b88de6989cff390e3347b7ba2a96c95a49ff327853a45774d495134ff2,"[""observation_date"", ""IMPGSC1""]",319,
data\raw\external_structural\OPHNFB.csv,OPHNFB,expected,d42ef61a91b622bbe47aeba137a411221da8d75b178617ab6d819eb2ebe96f0f,"[""observation_date"", ""OPHNFB""]",319,
data\raw\external_structural\TCU.csv,TCU,expected,0da8f8bd2b2d9f264c460e96b31633fe5a14e3de662fb9870cd4c3f5a583f4e8,"[""observation_date"", ""TCU""]",716,
data\raw\growth_activity\HOUST.csv,HOUST,expected,d531fdc59678e34d58c9b885d77714e8da6e442b4da21935341a54eda575fc4d,"[""observation_date"", ""HOUST""]",813,
data\raw\growth_activity\INDPRO.csv,INDPRO,expected,e9668b9b92c9ea1904162e580d0e3e32e05f84efb213563ded6c322042b5ad22,"[""observation_date"", ""INDPRO""]",1292,
data\raw\growth_activity\IPMAN.csv,IPMAN,expected,b8bbe62de9d8f3ad4989124bd01a14802ebe16729eeabafa1af5686e39f3697e,"[""observation_date"", ""IPMAN""]",656,
data\raw\growth_activity\PCEC96.csv,PCEC96,expected,fe4d77f0da74c46555ce29fcad1fb122a14f02071fef3928cb45770680894aab,"[""observation_date"", ""PCEC96""]",236,
data\raw\growth_activity\PERMIT.csv,PERMIT,expected,e9020eb8a5a21bb8f71ef6c92f65df01be46c5f89f3a8e7694bbce572c725011,"[""observation_date"", ""PERMIT""]",801,
data\raw\growth_activity\RPI.csv,RPI,expected,2bdaa3763994f90227ad1a09b450b77deb62e6a483d3dffe4dd8724b7cf242f4,"[""observation_date"", ""RPI""]",812,
data\raw\growth_activity\RRSFS.csv,RRSFS,expected,6588f46cd3f34f7972c1c928b00daf69bd9efaf8ae96043e807a0610904c31d5,"[""observation_date"", ""RRSFS""]",417,
data\raw\growth_activity\W875RX1.csv,W875RX1,expected,007ee129c01ba71573908d45db63cf4ac028fd850ed4f76f4246ad315aec76af,"[""observation_date"", ""W875RX1""]",812,
data\raw\inflation\CPIAUCSL.csv,CPIAUCSL,expected,f8ecddf53a9a9a74dda92c2c4204e6039466fcb744bc74171b73b5f6aac48119,"[""observation_date"", ""CPIAUCSL""]",957,
data\raw\inflation\CPILFESL.csv,CPILFESL,expected,cec76bf4c38dc062c63ccd3b576c21a54709ae3e3bf73ddbccb44e04384c559a,"[""observation_date"", ""CPILFESL""]",837,
data\raw\inflation\PCEPI.csv,PCEPI,expected,02580549b5894c8d530e35a5ab9a23a15a64d94d6f37b8a077d23c3a66fafcb8,"[""observation_date"", ""PCEPI""]",812,
data\raw\inflation\PCEPILFE.csv,PCEPILFE,expected,c6ea113f08aeccebc272be12abacd286b6641a85ac89d1c3e147c2cd70ce3357,"[""observation_date"", ""PCEPILFE""]",812,
data\raw\inflation\PPIACO.csv,PPIACO,expected,cd2fc9530ed3a4f7e4d4e8425ea3ec33203d7b04891a0606c793a5a4d66ef65d,"[""observation_date"", ""PPIACO""]",1365,
data\raw\inflation\PPIFID.csv,PPIFID,expected,c2e615005f3d757c6037dce0821992b2d0029224142c479d5e8585d87f2c97ca,"[""observation_date"", ""PPIFID""]",203,
data\raw\labor\AWHAETP.csv,AWHAETP,expected,8aecb176e6547d3e2143c8ce48401b08624caafe447f6beef9bc4564990f3af2,"[""observation_date"", ""AWHAETP""]",247,
data\raw\labor\AWHMAN.csv,AWHMAN,expected,f8bca392429bfdffb682eb4b222a56158e1016faea5e6d9d0e506a986b100a68,"[""observation_date"", ""AWHMAN""]",1053,
data\raw\labor\CES0500000003.csv,CES0500000003,expected,c602b6f2be66970cf4d06fa376fd761ae6211e93c06bfe4ea337625a080d21e8,"[""observation_date"", ""CES0500000003""]",247,
data\raw\labor\CIVPART.csv,CIVPART,expected,1049ded2ce03ab114da6055c5783975eaf1adbd7b2d37770b5e661002f82c6e6,"[""observation_date"", ""CIVPART""]",945,
data\raw\labor\ICSA.csv,ICSA,expected,8a17e65deb9d7c16245f36373d6bc2c1d1dd7221e4cf82af179d1394a2c5d3d0,"[""observation_date"", ""ICSA""]",3116,
data\raw\labor\JTSJOL.csv,JTSJOL,expected,24faecd7df1821e1df572c3f778e3fc11730b59aea9e38daf77c8f7a66fd950c,"[""observation_date"", ""JTSJOL""]",309,
data\raw\labor\PAYEMS.csv,PAYEMS,expected,bf5b48d21b9a84a0be71ece7268fad0cccb943cc89d863fdc01490bece8ab020,"[""observation_date"", ""PAYEMS""]",1053,
data\raw\labor\UNRATE.csv,UNRATE,expected,ffe86c903f6944ebc8281e5474a15fc4ceaac61059bc51ec86a7241391d8713d,"[""observation_date"", ""UNRATE""]",945,
data\raw\policy_liquidity\FEDFUNDS.csv,FEDFUNDS,expected,4c3a0f601abf9db0a8298f9e972ae6627876c4232cda79b0bc43d3230aa0450d,"[""observation_date"", ""FEDFUNDS""]",867,
data\raw\policy_liquidity\M2SL.csv,M2SL,expected,7a6e79e6f5d9ded0f53abe7907677f4f73a29ddd731022239ddc19b34b670c45,"[""observation_date"", ""M2SL""]",812,
data\raw\policy_liquidity\TOTRESNS.csv,TOTRESNS,expected,94885c469fe0c282a7470447167369dc7845c76aeec94864dd7a19029363e4a0,"[""observation_date"", ""TOTRESNS""]",812,
data\raw\policy_liquidity\WALCL.csv,WALCL,expected,853cb68f8f59466a7fa3e44bda0dd541fdc697ab1c1b979ab24afdb03cb9d8e1,"[""observation_date"", ""WALCL""]",1240,
data\raw\policy_liquidity\WRESBAL.csv,WRESBAL,expected,f8a76bdede3c6222d3d6be389fe773eb57091b98ebfb869b7706a090de462cf1,"[""observation_date"", ""WRESBAL""]",1240,
data\raw\us_macro_raw_wide.csv,us_macro_raw_wide,unexpected,91a4e2f100227487a802ac040b85700f03520b347fbfe4c23b7bf2d97b43d9fa,"[""""]",1,
data\raw\us_macro_series_registry.csv,us_macro_series_registry,unexpected,d0a37f34355b4e9838104c0ed279634ce155b43a5e337a4fd32f0e0208f9f49e,"[""series_id"", ""name"", ""category"", ""frequency"", ""fred_url""]",37,
data\RPI.csv,RPI,expected,2bdaa3763994f90227ad1a09b450b77deb62e6a483d3dffe4dd8724b7cf242f4,"[""observation_date"", ""RPI""]",812,
data\RRSFS.csv,RRSFS,expected,6588f46cd3f34f7972c1c928b00daf69bd9efaf8ae96043e807a0610904c31d5,"[""observation_date"", ""RRSFS""]",417,
data\TCU.csv,TCU,expected,0da8f8bd2b2d9f264c460e96b31633fe5a14e3de662fb9870cd4c3f5a583f4e8,"[""observation_date"", ""TCU""]",716,
data\TOTALSL.csv,TOTALSL,expected,e625da30d03cb00490c39fbb8141906c95e20d814eef51a47a211519cb376d05,"[""observation_date"", ""TOTALSL""]",1004,
data\TOTRESNS.csv,TOTRESNS,expected,94885c469fe0c282a7470447167369dc7845c76aeec94864dd7a19029363e4a0,"[""observation_date"", ""TOTRESNS""]",812,
data\UNRATE.csv,UNRATE,expected,ffe86c903f6944ebc8281e5474a15fc4ceaac61059bc51ec86a7241391d8713d,"[""observation_date"", ""UNRATE""]",945,
data\W875RX1.csv,W875RX1,expected,007ee129c01ba71573908d45db63cf4ac028fd850ed4f76f4246ad315aec76af,"[""observation_date"", ""W875RX1""]",812,
data\WALCL.csv,WALCL,expected,853cb68f8f59466a7fa3e44bda0dd541fdc697ab1c1b979ab24afdb03cb9d8e1,"[""observation_date"", ""WALCL""]",1240,
data\WRESBAL.csv,WRESBAL,expected,f8a76bdede3c6222d3d6be389fe773eb57091b98ebfb869b7706a090de462cf1,"[""observation_date"", ""WRESBAL""]",1240,
